AnalogValue,Density,Amplitude,Result
881,887,1.08,0
909,903,1.11,0
889,890,1.09,0
898,903,1.1,0
901,898,1.1,0
891,894,1.09,0
880,880,1.07,0
869,875,1.06,0
873,874,1.07,0
868,870,1.06,0
862,864,1.05,0
853,860,1.04,0
855,867,1.04,0
851,853,1.04,0
848,848,1.04,0
852,854,1.04,0
849,855,1.04,0
850,847,1.04,0
846,839,1.03,0
844,842,1.03,0
834,839,1.02,0
831,826,1.01,0
830,815,1.01,0
821,826,1,0
825,821,1.01,0
816,816,1,0
813,816,0.99,0
811,812,0.99,0
800,802,0.98,0
800,804,0.98,0
802,805,0.98,0
800,803,0.98,0
792,803,0.97,0
801,797,0.98,0
801,797,0.98,0
799,788,0.98,0
797,791,0.97,0
784,765,0.96,0
777,765,0.95,0
775,774,0.95,0
770,768,0.94,0
763,769,0.93,0
770,771,0.94,0
769,763,0.94,0
769,766,0.94,0
759,758,0.93,0
752,752,0.92,0
751,752,0.92,0
751,752,0.92,0
749,743,0.91,0
743,739,0.91,0
737,736,0.9,0
736,738,0.9,0
733,732,0.89,0
733,721,0.89,0
722,723,0.88,0
725,720,0.89,0
720,721,0.88,0
724,727,0.88,0
734,734,0.9,0
738,736,0.9,0
734,738,0.9,0
737,736,0.9,0
733,734,0.89,0
731,727,0.89,0
731,726,0.89,0
724,722,0.88,0
720,719,0.88,0
714,707,0.87,0
720,727,0.88,0
703,716,0.86,0
707,709,0.86,0
699,703,0.85,0
694,693,0.85,0
694,693,0.85,0
710,688,0.87,0
691,688,0.84,0
690,688,0.84,0
683,678,0.83,0
685,678,0.84,0
683,679,0.83,0
671,663,0.82,0
657,658,0.8,0
649,657,0.79,0
656,658,0.8,0
656,656,0.8,0
656,656,0.8,0
656,656,0.8,0
654,656,0.8,0
653,651,0.8,0
643,637,0.79,0
631,631,0.77,0
636,643,0.78,0
631,635,0.77,0
638,635,0.78,0
639,636,0.78,0
635,630,0.78,0
635,634,0.78,0
634,626,0.77,0
631,628,0.77,0
629,626,0.77,0
627,625,0.77,0
630,626,0.77,0
630,625,0.77,0
653,630,0.8,0
629,630,0.77,0
621,625,0.76,0
621,623,0.76,0
606,610,0.74,0
606,614,0.74,0
619,610,0.76,0
619,609,0.76,0
597,614,0.73,0
611,624,0.75,0
623,623,0.76,0
615,622,0.75,0
620,621,0.76,0
622,624,0.76,0
612,626,0.75,0
626,621,0.76,0
619,622,0.76,0
618,624,0.75,0
622,624,0.76,0
614,621,0.75,0
609,613,0.74,0
608,603,0.74,0
603,607,0.74,0
609,604,0.74,0
613,608,0.75,0
612,609,0.75,0
609,617,0.74,0
607,618,0.74,0
624,620,0.76,0
624,626,0.76,0
612,611,0.75,0
614,613,0.75,0
619,618,0.76,0
619,623,0.76,0
611,623,0.75,0
623,621,0.76,0
619,617,0.76,0
624,620,0.76,0
614,609,0.75,0
603,601,0.74,0
606,598,0.74,0
605,603,0.74,0
614,607,0.75,0
611,610,0.75,0
611,609,0.75,0
614,619,0.75,0
615,614,0.75,0
618,615,0.75,0
611,610,0.75,0
611,614,0.75,0
613,618,0.75,0
614,613,0.75,0
607,605,0.74,0
624,620,0.76,0
615,620,0.75,0
623,622,0.76,0
618,618,0.75,0
601,615,0.73,0
611,624,0.75,0
614,614,0.75,0
610,635,0.74,0
613,618,0.75,0
617,617,0.75,0
612,617,0.75,0
619,617,0.76,0
608,609,0.74,0
611,611,0.75,0
611,608,0.75,0
608,609,0.74,0
612,611,0.75,0
625,627,0.76,0
628,624,0.77,0
629,630,0.77,0
631,626,0.77,0
627,627,0.77,0
625,625,0.76,0
625,630,0.76,0
626,632,0.76,0
639,644,0.78,0
656,656,0.8,0
654,654,0.8,0
643,653,0.79,0
629,647,0.77,0
641,639,0.78,0
641,639,0.78,0
645,641,0.79,0
645,641,0.79,0
647,647,0.79,0
656,656,0.8,0
655,659,0.8,0
656,656,0.8,0
654,646,0.8,0
640,638,0.78,0
640,638,0.78,0
634,636,0.77,0
643,639,0.79,0
643,640,0.79,0
641,639,0.78,0
643,645,0.79,0
645,640,0.79,0
639,659,0.78,0
634,634,0.77,0
639,635,0.78,0
646,642,0.79,0
649,646,0.79,0
653,651,0.8,0
645,647,0.79,0
650,648,0.79,0
646,656,0.79,0
641,642,0.78,0
629,627,0.77,0
631,629,0.77,0
640,638,0.78,0
637,635,0.78,0
640,635,0.78,0
638,637,0.78,0
640,635,0.78,0
647,654,0.79,0
654,651,0.8,0
642,645,0.78,0
641,643,0.78,0
640,641,0.78,0
640,640,0.78,0
656,654,0.8,0
661,665,0.81,0
660,666,0.81,0
669,677,0.82,0
673,671,0.82,0
682,671,0.83,0
676,678,0.83,0
682,683,0.83,0
685,682,0.84,0
685,684,0.84,0
688,687,0.84,0
689,688,0.84,0
688,686,0.84,0
679,679,0.83,0
682,682,0.83,0
684,688,0.84,0
688,684,0.84,0
688,688,0.84,0
688,685,0.84,0
689,689,0.84,0
694,689,0.85,0
688,686,0.84,0
683,688,0.83,0
693,690,0.85,0
702,691,0.86,0
701,690,0.86,0
694,695,0.85,0
699,695,0.85,0
705,701,0.86,0
705,704,0.86,0
695,695,0.85,0
688,691,0.84,0
693,694,0.85,0
690,692,0.84,0
694,694,0.85,0
691,694,0.84,0
699,699,0.85,0
707,704,0.86,0
710,711,0.87,0
707,710,0.86,0
704,702,0.86,0
699,699,0.85,0
703,705,0.86,0
704,705,0.86,0
701,701,0.86,0
705,702,0.86,0
702,703,0.86,0
698,706,0.85,0
703,704,0.86,0
706,702,0.86,0
704,701,0.86,0
707,707,0.86,0
718,714,0.88,0
726,730,0.89,0
730,733,0.89,0
727,733,0.89,0
724,726,0.88,0
720,720,0.88,0
711,713,0.87,0
719,718,0.88,0
715,718,0.87,0
718,720,0.88,0
720,719,0.88,0
719,719,0.88,0
720,726,0.88,0
722,722,0.88,0
719,720,0.88,0
720,720,0.88,0
730,730,0.89,0
733,730,0.89,0
731,727,0.89,0
732,734,0.89,0
734,735,0.9,0
734,729,0.9,0
729,727,0.89,0
720,720,0.88,0
722,722,0.88,0
721,721,0.88,0
720,720,0.88,0
720,720,0.88,0
723,725,0.88,0
721,723,0.88,0
725,729,0.89,0
720,721,0.88,0
717,719,0.88,0
719,720,0.88,0
719,718,0.88,0
717,720,0.88,0
720,722,0.88,0
730,731,0.89,0
731,727,0.89,0
726,727,0.89,0
720,718,0.88,0
718,719,0.88,0
720,718,0.88,0
725,725,0.89,0
731,733,0.89,0
738,735,0.9,0
750,733,0.92,0
747,749,0.91,0
752,752,0.92,0
744,746,0.91,0
750,746,0.92,0
747,746,0.91,0
749,747,0.91,0
751,752,0.92,0
752,752,0.92,0
751,751,0.92,0
752,749,0.92,0
756,762,0.92,0
761,755,0.93,0
759,759,0.93,0
755,758,0.92,0
773,777,0.94,0
775,775,0.95,0
782,777,0.95,0
784,779,0.96,0
785,784,0.96,0
783,784,0.96,0
785,784,0.96,0
790,789,0.96,0
784,789,0.96,0
786,786,0.96,0
789,788,0.96,0
785,784,0.96,0
794,795,0.97,0
791,797,0.97,0
787,800,0.96,0
799,798,0.98,0
798,800,0.97,0
803,801,0.98,0
797,800,0.97,0
803,799,0.98,0
802,802,0.98,0
799,801,0.98,0
805,807,0.98,0
810,810,0.99,0
821,822,1,0
817,819,1,0
817,816,1,0
818,818,1,0
829,825,1.01,0
822,826,1,0
830,827,1.01,0
827,823,1.01,0
813,812,0.99,0
815,825,1,0
816,814,1,0
817,815,1,0
815,816,1,0
816,817,1,0
817,818,1,0
820,816,1,0
811,815,0.99,0
807,804,0.99,0
810,811,0.99,0
815,813,1,0
816,817,1,0
816,815,1,0
815,816,1,0
816,816,1,0
816,811,1,0
805,801,0.98,0
800,803,0.98,0
805,805,0.98,0
806,802,0.98,0
803,798,0.98,0
803,806,0.98,0
807,804,0.99,0
806,810,0.98,0
815,809,1,0
809,812,0.99,0
836,837,1.02,0
845,843,1.03,0
846,847,1.03,0
843,839,1.03,0
843,841,1.03,0
847,847,1.03,0
848,847,1.04,0
845,841,1.03,0
834,833,1.02,0
821,838,1,0
837,837,1.02,0
835,836,1.02,0
842,846,1.03,0
843,848,1.03,0
851,848,1.04,0
850,853,1.04,0
868,854,1.06,0
871,867,1.06,0
875,877,1.07,0
874,874,1.07,0
871,873,1.06,0
872,871,1.06,0
874,874,1.07,0
875,878,1.07,0
877,879,1.07,0
869,871,1.06,0
862,861,1.05,0
867,865,1.06,0
870,873,1.06,0
875,877,1.07,0
880,878,1.07,0
878,878,1.07,0
871,874,1.06,0
874,871,1.07,0
871,878,1.06,0
864,859,1.05,0
865,866,1.06,0
863,855,1.05,0
864,859,1.05,0
859,862,1.05,0
864,865,1.05,0
862,860,1.05,0
854,855,1.04,0
862,854,1.05,0
850,851,1.04,0
857,859,1.05,0
857,853,1.05,0
859,854,1.05,0
854,853,1.04,0
849,854,1.04,0
852,851,1.04,0
851,848,1.04,0
854,854,1.04,0
862,859,1.05,0
857,859,1.05,0
853,859,1.04,0
849,854,1.04,0
855,859,1.04,0
865,863,1.06,0
859,863,1.05,0
862,861,1.05,0
851,848,1.04,0
848,846,1.04,0
847,846,1.03,0
848,848,1.04,0
847,845,1.03,0
839,848,1.02,0
845,846,1.03,0
848,848,1.04,0
850,849,1.04,0
854,850,1.04,0
849,849,1.04,0
853,851,1.04,0
854,850,1.04,0
874,865,1.07,0
871,870,1.06,0
869,873,1.06,0
870,871,1.06,0
868,871,1.06,0
862,859,1.05,0
857,850,1.05,0
854,859,1.04,0
859,853,1.05,0
860,861,1.05,0
855,860,1.04,0
859,857,1.05,0
855,854,1.04,0
860,852,1.05,0
846,845,1.03,0
856,853,1.05,0
857,855,1.05,0
852,851,1.04,0
854,851,1.04,0
848,853,1.04,0
852,849,1.04,0
848,848,1.04,0
848,848,1.04,0
836,842,1.02,0
833,836,1.02,0
833,834,1.02,0
837,837,1.02,0
1421,1424,1.74,0
1456,1452,1.78,0
1455,1456,1.78,0
1446,1441,1.77,0
1421,1422,1.74,0
1443,1441,1.76,0
1467,1468,1.79,0
1503,1497,1.84,0
1487,1486,1.82,0
1472,1472,1.8,0
1475,1472,1.8,0
1456,1458,1.78,0
1447,1450,1.77,0
1424,1423,1.74,0
1411,1411,1.72,0
1420,1426,1.73,0
1489,1493,1.82,0
1506,1511,1.84,0
1494,1499,1.82,0
1517,1503,1.85,0
1493,1499,1.82,0
1519,1519,1.85,0
1545,1545,1.89,0
1511,1510,1.84,0
1523,1526,1.86,0
1521,1520,1.86,0
1511,1511,1.84,0
1492,1490,1.82,0
1477,1477,1.8,0
1475,1472,1.8,0
1523,1523,1.86,0
1569,1578,1.92,0
1580,1579,1.93,0
1552,1546,1.89,0
1535,1535,1.87,0
1525,1527,1.86,0
1562,1569,1.91,0
1652,1651,2.02,0
1635,1642,2,0
1617,1616,1.97,0
1624,1622,1.98,0
1634,1640,2,0
1602,1614,1.96,0
1600,1599,1.95,0
1584,1586,1.93,0
1562,1563,1.91,0
1534,1533,1.87,0
1523,1523,1.86,0
1535,1525,1.87,0
1523,1524,1.86,0
1507,1498,1.84,0
1517,1515,1.85,0
1521,1523,1.86,0
1579,1584,1.93,0
1554,1565,1.9,0
1585,1590,1.94,0
1587,1584,1.94,0
1591,1595,1.94,0
1584,1584,1.93,0
1579,1584,1.93,0
1557,1557,1.9,0
1586,1590,1.94,0
1623,1620,1.98,0
1631,1624,1.99,0
1616,1614,1.97,0
1604,1600,1.96,0
1643,1643,2.01,0
1640,1641,2,0
1648,1648,2.01,0
1651,1647,2.02,0
1643,1649,2.01,0
1632,1639,1.99,0
1620,1639,1.98,0
1648,1648,2.01,0
1649,1648,2.01,0
1632,1635,1.99,0
1590,1586,1.94,0
1573,1575,1.92,0
1569,1562,1.92,0
1573,1575,1.92,0
1542,1552,1.88,0
1547,1531,1.89,0
1584,1584,1.93,0
1610,1612,1.97,0
1616,1616,1.97,0
1675,1677,2.05,0
1680,1686,2.05,0
1681,1691,2.05,0
1672,1673,2.04,0
1654,1650,2.02,0
1621,1626,1.98,0
1630,1633,1.99,0
1664,1663,2.03,0
1641,1664,2,0
1627,1630,1.99,0
1607,1608,1.96,0
1584,1583,1.93,0
1601,1601,1.95,0
1612,1615,1.97,0
1622,1620,1.98,0
1618,1617,1.98,0
1616,1616,1.97,0
1634,1626,2,0
1616,1616,1.97,0
1607,1611,1.96,0
1589,1589,1.94,0
1614,1610,1.97,0
1651,1653,2.02,0
1653,1648,2.02,0
1616,1616,1.97,0
1610,1609,1.97,0
1601,1602,1.95,0
1649,1659,2.01,0
1641,1642,2,0
1629,1617,1.99,0
1605,1602,1.96,0
1569,1565,1.92,0
1552,1553,1.89,0
1562,1557,1.91,0
1565,1564,1.91,0
1559,1558,1.9,0
1557,1553,1.9,0
1559,1567,1.9,0
1589,1584,1.94,0
1583,1583,1.93,0
1562,1565,1.91,0
1535,1552,1.87,0
1535,1542,1.87,0
1554,1556,1.9,0
1573,1566,1.92,0
1568,1562,1.91,0
1559,1559,1.9,0
1559,1561,1.9,0
1565,1562,1.91,0
1575,1572,1.92,0
1559,1557,1.9,0
1521,1520,1.86,0
1504,1501,1.84,0
1526,1525,1.86,0
1505,1503,1.84,0
1498,1488,1.83,0
1475,1479,1.8,0
1475,1472,1.8,0
1477,1481,1.8,0
1511,1518,1.84,0
1497,1494,1.83,0
1505,1513,1.84,0
1530,1525,1.87,0
1519,1512,1.85,0
1498,1475,1.83,0
1497,1494,1.83,0
1487,1484,1.82,0
1474,1471,1.8,0
1479,1479,1.81,0
1483,1488,1.81,0
1467,1467,1.79,0
1456,1442,1.78,0
1454,1456,1.78,0
1472,1481,1.8,0
1463,1457,1.79,0
1469,1441,1.79,0
1447,1446,1.77,0
1435,1431,1.75,0
1424,1422,1.74,0
1412,1411,1.72,0
1411,1419,1.72,0
1429,1426,1.74,0
1411,1413,1.72,0
1409,1406,1.72,0
1428,1429,1.74,0
1419,1423,1.73,0
1424,1418,1.74,0
1409,1403,1.72,0
1401,1398,1.71,0
1389,1391,1.7,0
1392,1392,1.7,0
1371,1370,1.67,0
1362,1363,1.66,0
1386,1389,1.69,0
1392,1390,1.7,0
1374,1371,1.68,0
1360,1359,1.66,0
1358,1357,1.66,0
1393,1398,1.7,0
1423,1422,1.74,0
1410,1410,1.72,0
1394,1392,1.7,0
1385,1383,1.69,0
1375,1369,1.68,0
1351,1355,1.65,0
1366,1363,1.67,0
1366,1365,1.67,0
1344,1338,1.64,0
1346,1335,1.64,0
1357,1344,1.66,0
1358,1350,1.66,0
1331,1328,1.63,0
1339,1318,1.63,0
1309,1302,1.6,0
1307,1307,1.6,0
1295,1298,1.58,0
1294,1293,1.58,0
1263,1269,1.54,0
1269,1264,1.55,0
1264,1269,1.54,0
1287,1287,1.57,0
1312,1312,1.6,0
1311,1303,1.6,0
1317,1296,1.61,0
1275,1267,1.56,0
1267,1283,1.55,0
1264,1257,1.54,0
1239,1246,1.51,0
1236,1237,1.51,0
1232,1231,1.5,0
1216,1217,1.48,0
1200,1200,1.47,0
1195,1195,1.46,0
1178,1186,1.44,0
1168,1169,1.43,0
1154,1157,1.41,0
1169,1153,1.43,0
1126,1142,1.37,0
1141,1136,1.39,0
1117,1127,1.36,0
1120,1110,1.37,0
1095,1104,1.34,0
1104,1093,1.35,0
1086,1093,1.33,0
1117,1104,1.36,0
1103,1098,1.35,0
1102,1092,1.35,0
1086,1090,1.33,0
1098,1096,1.34,0
1099,1093,1.34,0
1103,1088,1.35,0
1067,1067,1.3,0
1056,1061,1.29,0
1057,1045,1.29,0
1045,1042,1.28,0
1040,1041,1.27,0
1034,1032,1.26,0
1008,1013,1.23,0
998,999,1.22,0
987,987,1.21,0
981,983,1.2,0
976,976,1.19,0
960,957,1.17,0
959,959,1.17,0
956,979,1.17,0
953,949,1.16,0
946,937,1.16,0
966,970,1.18,0
966,966,1.18,0
960,965,1.17,0
969,965,1.18,0
967,967,1.18,0
962,961,1.17,0
950,953,1.16,0
960,962,1.17,0
961,959,1.17,0
980,963,1.2,0
976,981,1.19,0
979,977,1.2,0
973,979,1.19,0
976,977,1.19,0
972,974,1.19,0
976,976,1.19,0
973,972,1.19,0
960,960,1.17,0
953,954,1.16,0
927,921,1.13,0
917,916,1.12,0
907,915,1.11,0
912,912,1.11,0
910,922,1.11,0
913,912,1.11,0
911,910,1.11,0
908,906,1.11,0
891,890,1.09,0
893,896,1.09,0
889,892,1.09,0
881,880,1.08,0
912,915,1.11,0
927,931,1.13,0
937,930,1.14,0
914,912,1.12,0
905,917,1.11,0
902,901,1.1,0
893,898,1.09,0
885,880,1.08,0
883,884,1.08,0
882,884,1.08,0
880,879,1.07,0
910,912,1.11,0
925,924,1.13,0
923,918,1.13,0
927,917,1.13,0
945,947,1.15,0
951,949,1.16,0
952,944,1.16,0
950,958,1.16,0
942,944,1.15,0
947,952,1.16,0
951,956,1.16,0
951,951,1.16,0
939,938,1.15,0
934,933,1.14,0
943,937,1.15,0
963,970,1.18,0
976,975,1.19,0
983,983,1.2,0
977,975,1.19,0
978,985,1.19,0
977,973,1.19,0
965,969,1.18,0
965,961,1.18,0
961,950,1.17,0
944,946,1.15,0
938,939,1.15,0
941,944,1.15,0
932,934,1.14,0
954,954,1.16,0
947,944,1.16,0
927,927,1.13,0
938,934,1.15,0
942,930,1.15,0
927,933,1.13,0
925,929,1.13,0
921,925,1.12,0
920,916,1.12,0
905,918,1.11,0
907,912,1.11,0
912,910,1.11,0
907,909,1.11,0
899,903,1.1,0
896,897,1.09,0
892,885,1.09,0
882,882,1.08,0
885,881,1.08,0
878,880,1.07,0
858,861,1.05,0
851,851,1.04,0
848,847,1.04,0
844,836,1.03,0
843,845,1.03,0
854,855,1.04,0
863,853,1.05,0
858,858,1.05,0
847,847,1.03,0
839,839,1.02,0
833,832,1.02,0
832,833,1.02,0
834,834,1.02,0
832,839,1.02,0
834,837,1.02,0
835,839,1.02,0
834,832,1.02,0
832,826,1.02,0
842,838,1.03,0
837,835,1.02,0
832,839,1.02,0
839,835,1.02,0
835,826,1.02,0
833,829,1.02,0
826,828,1.01,0
819,818,1,0
815,815,1,0
806,811,0.98,0
812,810,0.99,0
814,810,0.99,0
820,823,1,0
820,821,1,0
848,848,1.04,0
852,849,1.04,0
878,877,1.07,0
869,870,1.06,0
880,880,1.07,0
873,869,1.07,0
867,874,1.06,0
865,861,1.06,0
861,861,1.05,0
865,862,1.06,0
854,858,1.04,0
855,854,1.04,0
848,839,1.04,0
845,840,1.03,0
850,852,1.04,0
843,845,1.03,0
843,847,1.03,0
848,849,1.04,0
848,846,1.04,0
837,834,1.02,0
829,829,1.01,0
848,850,1.04,0
855,854,1.04,0
855,850,1.04,0
848,851,1.04,0
853,849,1.04,0
857,857,1.05,0
859,860,1.05,0
859,858,1.05,0
874,869,1.07,0
863,865,1.05,0
888,890,1.08,0
911,913,1.11,0
907,910,1.11,0
912,913,1.11,0
917,912,1.12,0
911,907,1.11,0
912,909,1.11,0
897,897,1.1,0
891,895,1.09,0
890,894,1.09,0
894,890,1.09,0
887,898,1.08,0
898,890,1.1,0
899,898,1.1,0
896,896,1.09,0
896,894,1.09,0
882,884,1.08,0
880,880,1.07,0
882,880,1.08,0
880,882,1.07,0
878,876,1.07,0
877,880,1.07,0
879,880,1.07,0
883,880,1.08,0
875,869,1.07,0
859,857,1.05,0
862,859,1.05,0
855,857,1.04,0
855,843,1.04,0
859,860,1.05,0
849,853,1.04,0
854,852,1.04,0
860,855,1.05,0
864,864,1.05,0
874,869,1.07,0
897,896,1.1,0
892,887,1.09,0
907,905,1.11,0
907,906,1.11,0
910,911,1.11,0
912,906,1.11,0
911,910,1.11,0
912,912,1.11,0
904,896,1.1,0
897,894,1.1,0
893,896,1.09,0
889,890,1.09,0
925,924,1.13,0
929,931,1.13,0
937,935,1.14,0
931,942,1.14,0
938,939,1.15,0
950,947,1.16,0
942,948,1.15,0
944,945,1.15,0
944,944,1.15,0
949,945,1.16,0
949,933,1.16,0
944,944,1.15,0
949,949,1.16,0
955,954,1.17,0
954,957,1.16,0
950,949,1.16,0
955,956,1.17,0
944,949,1.15,0
944,943,1.15,0
944,942,1.15,0
948,946,1.16,0
946,946,1.16,0
934,934,1.14,0
943,941,1.15,0
943,944,1.15,0
941,939,1.15,0
941,938,1.15,0
933,937,1.14,0
936,933,1.14,0
941,935,1.15,0
971,976,1.19,0
1034,1033,1.26,0
1037,1039,1.27,0
1048,1040,1.28,0
1047,1046,1.28,0
1047,1055,1.28,0
1041,1054,1.27,0
1051,1048,1.28,0
1040,1040,1.27,0
1021,1023,1.25,0
1014,1013,1.24,0
1032,1035,1.26,0
1028,1037,1.26,0
1030,1035,1.26,0
1020,1022,1.25,0
1028,1019,1.26,0
1022,1028,1.25,0
1036,1039,1.26,0
1035,1033,1.26,0
1033,1037,1.26,0
1040,1033,1.27,0
1035,1038,1.26,0
1045,1049,1.28,0
1051,1050,1.28,0
1061,1065,1.3,0
1063,1061,1.3,0
1058,1056,1.29,0
1049,1043,1.28,0
1041,1042,1.27,0
1052,1049,1.28,0
1045,1043,1.28,0
1057,1061,1.29,0
1050,1046,1.28,0
1057,1057,1.29,0
1045,1045,1.28,0
1046,1040,1.28,0
1041,1040,1.27,0
1030,1035,1.26,0
1036,1040,1.26,0
1040,1040,1.27,0
1063,1062,1.3,0
1062,1061,1.3,0
1065,1065,1.3,0
1066,1065,1.3,0
1074,1073,1.31,0
1079,1081,1.32,0
1081,1079,1.32,0
1072,1074,1.31,0
1069,1072,1.31,0
1082,1087,1.32,0
1087,1085,1.33,0
1071,1075,1.31,0
1073,1072,1.31,0
1063,1071,1.3,0
1077,1076,1.32,0
1078,1077,1.32,0
1083,1082,1.32,0
1086,1088,1.33,0
1091,1089,1.33,0
1110,1099,1.36,0
1101,1095,1.34,0
1100,1097,1.34,0
1109,1108,1.35,0
1118,1110,1.37,0
1110,1113,1.36,0
1105,1109,1.35,0
1111,1106,1.36,0
1111,1111,1.36,0
1113,1108,1.36,0
1109,1105,1.35,0
1099,1102,1.34,0
1102,1099,1.35,0
1104,1106,1.35,0
1105,1105,1.35,0
1099,1099,1.34,0
1103,1099,1.35,0
1093,1098,1.33,0
1072,1072,1.31,0
1058,1061,1.29,0
1061,1056,1.3,0
1066,1069,1.3,0
1072,1071,1.31,0
1071,1070,1.31,0
1073,1071,1.31,0
1056,1071,1.29,0
1073,1077,1.31,0
1078,1078,1.32,0
1069,1070,1.31,0
1070,1067,1.31,0
1072,1072,1.31,0
1070,1070,1.31,0
1062,1065,1.3,0
1059,1056,1.29,0
1043,1043,1.27,0
1045,1041,1.28,0
1053,1058,1.29,0
1057,1058,1.29,0
1099,1097,1.34,0
1104,1101,1.35,0
1095,1100,1.34,0
1086,1090,1.33,0
1106,1104,1.35,0
1110,1110,1.36,0
1107,1110,1.35,0
1106,1105,1.35,0
1103,1098,1.35,0
1096,1098,1.34,0
1088,1087,1.33,0
1072,1072,1.31,0
1067,1067,1.3,0
1074,1067,1.31,0
1064,1069,1.3,0
1063,1058,1.3,0
1059,1061,1.29,0
1061,1072,1.3,0
1051,1049,1.28,0
1040,1037,1.27,0
1029,1021,1.26,0
1019,1021,1.24,0
1017,1014,1.24,0
1023,1017,1.25,0
1018,1013,1.24,0
1014,1014,1.24,0
1013,1016,1.24,0
1009,1007,1.23,0
1003,1008,1.22,0
1008,1005,1.23,0
1019,1017,1.24,0
1040,1040,1.27,0
1045,1040,1.28,0
1040,1040,1.27,0
1029,1031,1.26,0
1041,1038,1.27,0
1037,1035,1.27,0
1040,1038,1.27,0
1039,1037,1.27,0
1040,1040,1.27,0
1034,1031,1.26,0
1014,1017,1.24,0
1008,1009,1.23,0
999,1006,1.22,0
1013,1015,1.24,0
1014,1014,1.24,0
1008,1007,1.23,0
1009,1008,1.23,0
1015,1009,1.24,0
1034,1033,1.26,0
1022,1029,1.25,0
1034,1031,1.26,0
1034,1023,1.26,0
1019,1015,1.24,0
1014,1013,1.24,0
1019,1015,1.24,0
999,1001,1.22,0
986,989,1.2,0
981,982,1.2,0
985,990,1.2,0
990,983,1.21,0
981,984,1.2,0
983,988,1.2,0
999,997,1.22,0
999,1003,1.22,0
994,997,1.21,0
989,989,1.21,0
987,987,1.21,0
982,987,1.2,0
976,981,1.19,0
981,981,1.2,0
971,976,1.19,0
976,973,1.19,0
971,971,1.19,0
965,960,1.18,0
947,954,1.16,0
949,944,1.16,0
949,947,1.16,0
958,958,1.17,0
958,959,1.17,0
961,959,1.17,0
961,955,1.17,0
966,962,1.18,0
961,960,1.17,0
966,972,1.18,0
966,972,1.18,0
961,961,1.17,0
961,959,1.17,0
962,967,1.17,0
960,956,1.17,0
950,957,1.16,0
969,968,1.18,0
1007,1008,1.23,0
1003,1006,1.22,0
1049,1050,1.28,0
1058,1054,1.29,0
1054,1055,1.29,0
1052,1049,1.28,0
1046,1049,1.28,0
1067,1063,1.3,0
1058,1059,1.29,0
1053,1055,1.29,0
1054,1053,1.29,0
1045,1044,1.28,0
1042,1040,1.27,0
1041,1039,1.27,0
1047,1041,1.28,0
1067,1063,1.3,0
1072,1072,1.31,0
1067,1063,1.3,0
1057,1062,1.29,0
1059,1061,1.29,0
1063,1066,1.3,0
1055,1057,1.29,0
1050,1056,1.28,0
1055,1054,1.29,0
1067,1070,1.3,0
1067,1059,1.3,0
1062,1067,1.3,0
1072,1073,1.31,0
1075,1082,1.31,0
1077,1075,1.32,0
1072,1067,1.31,0
1047,1055,1.28,0
1054,1051,1.29,0
1052,1055,1.28,0
1047,1053,1.28,0
1042,1045,1.27,0
1042,1049,1.27,0
1050,1053,1.28,0
1040,1040,1.27,0
1031,1035,1.26,0
1035,1039,1.26,0
1036,1039,1.26,0
1040,1040,1.27,0
1043,1045,1.27,0
1040,1040,1.27,0
1040,1038,1.27,0
1019,1028,1.24,0
1022,1019,1.25,0
1022,1023,1.25,0
1021,1022,1.25,0
1028,1021,1.26,0
1018,1018,1.24,0
1023,1012,1.25,0
1017,1015,1.24,0
1009,1018,1.23,0
1013,1015,1.24,0
1034,1023,1.26,0
1023,1029,1.25,0
1035,1035,1.26,0
1034,1038,1.26,0
1031,1029,1.26,0
1007,1007,1.23,0
1003,1003,1.22,0
1003,1005,1.22,0
1007,999,1.23,0
997,994,1.22,0
1002,997,1.22,0
1003,1002,1.22,0
1008,1006,1.23,0
988,993,1.21,0
992,986,1.21,0
994,998,1.21,0
998,994,1.22,0
996,998,1.22,0
997,993,1.22,0
991,987,1.21,0
987,983,1.21,0
993,993,1.21,0
993,989,1.21,0
989,995,1.21,0
990,994,1.21,0
995,990,1.21,0
999,996,1.22,0
1015,1014,1.24,0
1023,1020,1.25,0
1019,1011,1.24,0
1005,1006,1.23,0
1005,1001,1.23,0
1003,1005,1.22,0
1008,1014,1.23,0
1009,1008,1.23,0
1009,1008,1.23,0
1008,1009,1.23,0
1006,1008,1.23,0
996,991,1.22,0
1011,1012,1.23,0
1008,1008,1.23,0
1035,1030,1.26,0
1042,1042,1.27,0
1040,1045,1.27,0
1040,1044,1.27,0
1038,1036,1.27,0
1023,1030,1.25,0
1019,1030,1.24,0
1030,1023,1.26,0
1034,1033,1.26,0
1038,1039,1.27,0
1037,1023,1.27,0
1031,1031,1.26,0
1039,1036,1.27,0
1023,1021,1.25,0
1047,1055,1.28,0
1075,1072,1.31,0
1069,1067,1.31,0
1067,1072,1.3,0
1069,1072,1.31,0
1094,1094,1.34,0
1087,1088,1.33,0
1086,1085,1.33,0
1090,1088,1.33,0
1088,1088,1.33,0
1085,1086,1.32,0
1085,1086,1.32,0
1102,1097,1.35,0
1091,1088,1.33,0
1078,1085,1.32,0
1095,1094,1.34,0
1093,1090,1.33,0
1091,1092,1.33,0
1087,1087,1.33,0
1101,1093,1.34,0
1093,1094,1.33,0
1092,1087,1.33,0
1089,1089,1.33,0
1088,1082,1.33,0
1085,1088,1.32,0
1104,1104,1.35,0
1131,1126,1.38,0
1123,1123,1.37,0
1123,1119,1.37,0
1127,1123,1.38,0
1134,1128,1.38,0
1139,1144,1.39,0
1131,1136,1.38,0
1139,1142,1.39,0
1139,1142,1.39,0
1141,1145,1.39,0
1136,1138,1.39,0
1125,1127,1.37,0
1131,1131,1.38,0
1129,1130,1.38,0
1127,1125,1.38,0
1136,1138,1.39,0
1134,1136,1.38,0
1136,1134,1.39,0
1124,1130,1.37,0
1117,1118,1.36,0
1120,1119,1.37,0
1120,1118,1.37,0
1119,1111,1.37,0
1108,1114,1.35,0
1106,1107,1.35,0
1104,1108,1.35,0
1119,1118,1.37,0
1117,1117,1.36,0
1116,1119,1.36,0
1106,1104,1.35,0
1108,1107,1.35,0
1101,1097,1.34,0
1094,1100,1.34,0
1089,1099,1.33,0
1102,1104,1.35,0
1100,1104,1.34,0
1104,1104,1.35,0
1099,1098,1.34,0
1099,1104,1.34,0
1094,1095,1.34,0
1089,1097,1.33,0
1074,1075,1.31,0
1069,1072,1.31,0
1072,1072,1.31,0
1070,1070,1.31,0
1066,1066,1.3,0
1072,1070,1.31,0
1068,1062,1.3,0
1062,1066,1.3,0
1050,1047,1.28,0
1045,1040,1.28,0
1040,1041,1.27,0
1040,1040,1.27,0
1050,1047,1.28,0
1042,1041,1.27,0
1045,1043,1.28,0
1039,1036,1.27,0
1038,1039,1.27,0
1034,1040,1.26,0
1040,1039,1.27,0
1040,1040,1.27,0
1040,1040,1.27,0
1040,1037,1.27,0
1040,1040,1.27,0
1030,1022,1.26,0
1033,1034,1.26,0
1043,1045,1.27,0
1042,1045,1.27,0
1042,1040,1.27,0
1044,1041,1.27,0
1040,1042,1.27,0
1044,1041,1.27,0
1047,1045,1.28,0
1047,1049,1.28,0
1042,1041,1.27,0
1040,1040,1.27,0
1047,1045,1.28,0
1053,1049,1.29,0
1057,1055,1.29,0
1041,1043,1.27,0
1037,1038,1.27,0
1039,1040,1.27,0
1040,1038,1.27,0
1036,1035,1.26,0
1040,1040,1.27,0
1040,1039,1.27,0
1040,1040,1.27,0
1041,1045,1.27,0
1041,1044,1.27,0
1047,1047,1.28,0
1048,1046,1.28,0
1054,1054,1.29,0
1061,1062,1.3,0
1104,1104,1.35,0
1127,1129,1.38,0
1129,1126,1.38,0
1127,1130,1.38,0
1126,1126,1.37,0
1136,1131,1.39,0
1133,1127,1.38,0
1136,1137,1.39,0
1137,1137,1.39,0
1168,1173,1.43,0
1171,1177,1.43,0
1168,1168,1.43,0
1168,1170,1.43,0
1164,1162,1.42,0
1163,1163,1.42,0
1152,1153,1.41,0
1145,1150,1.4,0
1138,1142,1.39,0
1140,1139,1.39,0
1135,1137,1.39,0
1136,1136,1.39,0
1136,1129,1.39,0
1129,1131,1.38,0
1127,1129,1.38,0
1126,1124,1.37,0
1136,1134,1.39,0
1136,1136,1.39,0
1142,1143,1.39,0
1143,1141,1.4,0
1136,1137,1.39,0
1141,1138,1.39,0
1152,1150,1.41,0
1131,1131,1.38,0
1126,1123,1.37,0
1121,1116,1.37,0
1126,1129,1.37,0
1115,1117,1.36,0
1111,1111,1.36,0
1110,1110,1.36,0
1102,1095,1.35,0
1093,1100,1.33,0
1089,1092,1.33,0
1103,1099,1.35,0
1103,1101,1.35,0
1095,1094,1.34,0
1101,1102,1.34,0
1094,1097,1.34,0
1085,1090,1.32,0
1079,1079,1.32,0
1072,1067,1.31,0
1073,1072,1.31,0
1068,1065,1.3,0
1074,1078,1.31,0
1072,1074,1.31,0
1072,1073,1.31,0
1059,1062,1.29,0
1065,1069,1.3,0
1072,1071,1.31,0
1072,1072,1.31,0
1071,1065,1.31,0
1073,1073,1.31,0
1087,1094,1.33,0
1072,1072,1.31,0
1059,1059,1.29,0
1061,1058,1.3,0
1059,1059,1.29,0
1060,1063,1.29,0
1056,1057,1.29,0
1055,1055,1.29,0
1072,1071,1.31,0
1072,1069,1.31,0
1078,1076,1.32,0
1072,1054,1.31,0
1060,1061,1.29,0
1061,1057,1.3,0
1056,1057,1.29,0
1057,1052,1.29,0
1058,1058,1.29,0
1046,1041,1.28,0
1060,1062,1.29,0
1063,1059,1.3,0
1059,1053,1.29,0
1072,1070,1.31,0
1061,1060,1.3,0
1066,1067,1.3,0
1053,1056,1.29,0
1048,1053,1.28,0
1058,1062,1.29,0
1054,1051,1.29,0
1051,1058,1.28,0
1053,1057,1.29,0
1069,1069,1.31,0
1056,1059,1.29,0
1045,1040,1.28,0
1040,1040,1.27,0
1040,1040,1.27,0
1037,1043,1.27,0
1040,1039,1.27,0
1037,1032,1.27,0
1034,1030,1.26,0
1061,1060,1.3,0
1492,1490,1.82,0
1605,1602,1.96,0
1517,1503,1.85,0
1068,1062,1.3,0
688,687,0.84,0
706,702,0.86,0
927,917,1.13,0
701,701,0.86,0
1137,1137,1.39,0
1126,1124,1.37,0
1072,1072,1.31,0
777,765,0.95,0
1086,1093,1.33,0
1042,1041,1.27,0
816,816,1,0
1075,1072,1.31,0
1632,1635,1.99,0
732,734,0.89,0
862,860,1.05,0
611,609,0.75,0
847,847,1.03,0
1511,1511,1.84,0
1505,1513,1.84,0
783,784,0.96,0
1008,1008,1.23,0
994,998,1.21,0
656,656,0.8,0
831,826,1.01,0
1040,1040,1.27,0
1505,1503,1.84,0
752,749,0.92,0
854,855,1.04,0
1573,1575,1.92,0
1105,1109,1.35,0
1423,1422,1.74,0
1073,1077,1.31,0
1101,1093,1.34,0
1059,1061,1.29,0
1168,1168,1.43,0
912,909,1.11,0
1071,1065,1.31,0
878,877,1.07,0
855,850,1.04,0
1008,1014,1.23,0
1047,1053,1.28,0
944,944,1.15,0
1346,1335,1.64,0
1087,1085,1.33,0
875,869,1.07,0
1118,1110,1.37,0
1120,1119,1.37,0
1517,1515,1.85,0
1039,1036,1.27,0
946,946,1.16,0
763,769,0.93,0
1569,1578,1.92,0
773,777,0.94,0
1007,1007,1.23,0
609,613,0.74,0
1085,1086,1.32,0
853,859,1.04,0
1019,1011,1.24,0
953,954,1.16,0
792,803,0.97,0
849,849,1.04,0
1411,1413,1.72,0
865,861,1.06,0
966,966,1.18,0
612,611,0.75,0
1154,1157,1.41,0
1366,1365,1.67,0
705,702,0.86,0
937,935,1.14,0
733,732,0.89,0
725,720,0.89,0
881,880,1.08,0
859,860,1.05,0
1421,1424,1.74,0
725,729,0.89,0
1475,1479,1.8,0
1651,1647,2.02,0
843,848,1.03,0
1072,1072,1.31,0
962,961,1.17,0
996,991,1.22,0
1163,1163,1.42,0
1506,1511,1.84,0
1009,1008,1.23,0
818,818,1,0
958,959,1.17,0
1067,1063,1.3,0
1358,1357,1.66,0
1053,1057,1.29,0
1547,1531,1.89,0
1061,1065,1.3,0
1060,1061,1.29,0
693,694,0.85,0
846,845,1.03,0
852,849,1.04,0
978,985,1.19,0
603,607,0.74,0
1073,1073,1.31,0
1040,1040,1.27,0
1056,1059,1.29,0
1475,1472,1.8,0
800,802,0.98,0
989,995,1.21,0
971,976,1.19,0
1061,1057,1.3,0
1047,1055,1.28,0
849,854,1.04,0
1032,1035,1.26,0
1085,1086,1.32,0
621,625,0.76,0
679,679,0.83,0
704,702,0.86,0
955,954,1.17,0
1045,1040,1.28,0
752,752,0.92,0
1632,1639,1.99,0
1034,1031,1.26,0
1009,1008,1.23,0
999,1001,1.22,0
606,610,0.74,0
719,720,0.88,0
639,635,0.78,0
1474,1471,1.8,0
1675,1677,2.05,0
803,799,0.98,0
847,846,1.03,0
1469,1441,1.79,0
842,846,1.03,0
634,634,0.77,0
960,960,1.17,0
688,686,0.84,0
1093,1100,1.33,0
1051,1050,1.28,0
816,814,1,0
960,965,1.17,0
622,624,0.76,0
1535,1535,1.87,0
1096,1098,1.34,0
703,705,0.86,0
1627,1630,1.99,0
631,629,0.77,0
983,983,1.2,0
874,871,1.07,0
1136,1137,1.39,0
1074,1067,1.31,0
985,990,1.2,0
1385,1383,1.69,0
950,953,1.16,0
626,632,0.76,0
1143,1141,1.4,0
1055,1054,1.29,0
889,890,1.09,0
806,802,0.98,0
1421,1422,1.74,0
892,887,1.09,0
1079,1079,1.32,0
1041,1043,1.27,0
1621,1626,1.98,0
843,841,1.03,0
1526,1525,1.86,0
1409,1403,1.72,0
837,837,1.02,0
1098,1096,1.34,0
694,689,0.85,0
1589,1589,1.94,0
882,884,1.08,0
702,703,0.86,0
819,818,1,0
736,738,0.9,0
877,880,1.07,0
749,743,0.91,0
850,853,1.04,0
1106,1104,1.35,0
851,851,1.04,0
718,719,0.88,0
867,874,1.06,0
815,816,1,0
848,846,1.04,0
619,617,0.76,0
690,692,0.84,0
1640,1641,2,0
1559,1557,1.9,0
1072,1074,1.31,0
814,810,0.99,0
628,624,0.77,0
1099,1099,1.34,0
1136,1138,1.39,0
653,651,0.8,0
1456,1442,1.78,0
645,640,0.79,0
751,752,0.92,0
803,801,0.98,0
1103,1101,1.35,0
1511,1510,1.84,0
938,934,1.15,0
859,862,1.05,0
1067,1059,1.3,0
1040,1040,1.27,0
1014,1014,1.24,0
1358,1350,1.66,0
734,735,0.9,0
1168,1170,1.43,0
1047,1046,1.28,0
949,949,1.16,0
873,874,1.07,0
951,951,1.16,0
1072,1072,1.31,0
822,826,1,0
1507,1498,1.84,0
1034,1033,1.26,0
998,999,1.22,0
871,878,1.06,0
1412,1411,1.72,0
799,798,0.98,0
961,955,1.17,0
1136,1136,1.39,0
1424,1422,1.74,0
1110,1099,1.36,0
1009,1008,1.23,0
690,688,0.84,0
891,894,1.09,0
833,829,1.02,0
947,954,1.16,0
611,624,0.75,0
1100,1097,1.34,0
878,878,1.07,0
1535,1552,1.87,0
613,618,0.75,0
801,797,0.98,0
720,718,0.88,0
1069,1072,1.31,0
1038,1039,1.27,0
1371,1370,1.67,0
627,625,0.77,0
881,887,1.08,0
944,944,1.15,0
836,842,1.02,0
871,873,1.06,0
1138,1142,1.39,0
1072,1071,1.31,0
982,987,1.2,0
1039,1040,1.27,0
614,613,0.75,0
936,933,1.14,0
1126,1126,1.37,0
1521,1520,1.86,0
1467,1467,1.79,0
950,949,1.16,0
1089,1092,1.33,0
910,912,1.11,0
1034,1033,1.26,0
1050,1046,1.28,0
683,678,0.83,0
629,630,0.77,0
695,695,0.85,0
1119,1118,1.37,0
649,657,0.79,0
1051,1048,1.28,0
862,861,1.05,0
859,857,1.05,0
1062,1067,1.3,0
1429,1426,1.74,0
853,849,1.04,0
1037,1032,1.27,0
1040,1040,1.27,0
976,973,1.19,0
1079,1081,1.32,0
1036,1035,1.26,0
1003,1005,1.22,0
1389,1391,1.7,0
1015,1014,1.24,0
624,620,0.76,0
879,880,1.07,0
944,946,1.15,0
703,716,0.86,0
1131,1131,1.38,0
1013,1015,1.24,0
907,905,1.11,0
958,958,1.17,0
1104,1093,1.35,0
694,693,0.85,0
976,976,1.19,0
1587,1584,1.94,0
710,711,0.87,0
987,987,1.21,0
832,826,1.02,0
785,784,0.96,0
1126,1129,1.37,0
626,621,0.76,0
865,862,1.06,0
691,694,0.84,0
851,848,1.04,0
724,726,0.88,0
1045,1043,1.28,0
845,846,1.03,0
983,988,1.2,0
1078,1085,1.32,0
685,682,0.84,0
1013,1016,1.24,0
1622,1620,1.98,0
707,704,0.86,0
908,906,1.11,0
816,817,1,0
1136,1137,1.39,0
1095,1100,1.34,0
1042,1042,1.27,0
719,718,0.88,0
834,837,1.02,0
1061,1056,1.3,0
1023,1030,1.25,0
619,618,0.76,0
1295,1298,1.58,0
1048,1053,1.28,0
752,752,0.92,0
813,812,0.99,0
751,752,0.92,0
1129,1130,1.38,0
1519,1512,1.85,0
1040,1040,1.27,0
691,688,0.84,0
647,654,0.79,0
720,721,0.88,0
898,890,1.1,0
671,663,0.82,0
733,730,0.89,0
1086,1088,1.33,0
981,983,1.2,0
834,832,1.02,0
1063,1061,1.3,0
1034,1032,1.26,0
731,733,0.89,0
1089,1097,1.33,0
1362,1363,1.66,0
846,847,1.03,0
800,803,0.98,0
1089,1099,1.33,0
805,805,0.98,0
656,656,0.8,0
1039,1037,1.27,0
653,630,0.8,0
1269,1264,1.55,0
649,646,0.79,0
837,834,1.02,0
1044,1041,1.27,0
1082,1087,1.32,0
1263,1269,1.54,0
1535,1542,1.87,0
1565,1564,1.91,0
1055,1055,1.29,0
606,614,0.74,0
1046,1041,1.28,0
1099,1102,1.34,0
927,921,1.13,0
857,853,1.05,0
711,713,0.87,0
1019,1030,1.24,0
614,619,0.75,0
1649,1648,2.01,0
720,722,0.88,0
1641,1642,2,0
629,627,0.77,0
769,763,0.94,0
1058,1059,1.29,0
889,892,1.09,0
1102,1099,1.35,0
726,727,0.89,0
1035,1033,1.26,0
1557,1557,1.9,0
1041,1040,1.27,0
1070,1070,1.31,0
1127,1125,1.38,0
803,798,0.98,0
852,851,1.04,0
799,788,0.98,0
865,866,1.06,0
799,801,0.98,0
613,618,0.75,0
993,989,1.21,0
623,622,0.76,0
1654,1650,2.02,0
833,834,1.02,0
617,617,0.75,0
1447,1450,1.77,0
965,960,1.18,0
699,703,0.85,0
1056,1057,1.29,0
636,643,0.78,0
1067,1072,1.3,0
720,726,0.88,0
689,688,0.84,0
1067,1070,1.3,0
1053,1058,1.29,0
941,939,1.15,0
682,683,0.83,0
621,623,0.76,0
685,678,0.84,0
1023,1020,1.25,0
1309,1302,1.6,0
925,929,1.13,0
875,877,1.07,0
848,847,1.04,0
853,851,1.04,0
997,993,1.22,0
959,959,1.17,0
634,636,0.77,0
960,956,1.17,0
845,840,1.03,0
1178,1186,1.44,0
1124,1130,1.37,0
1056,1057,1.29,0
976,977,1.19,0
1562,1563,1.91,0
899,903,1.1,0
847,845,1.03,0
871,874,1.06,0
720,720,0.88,0
1573,1575,1.92,0
1072,1070,1.31,0
1111,1106,1.36,0
688,684,0.84,0
702,691,0.86,0
759,759,0.93,0
1475,1472,1.8,0
786,786,0.96,0
1119,1111,1.37,0
989,989,1.21,0
1110,1110,1.36,0
897,897,1.1,0
1045,1043,1.28,0
794,795,0.97,0
1106,1107,1.35,0
1135,1137,1.39,0
1106,1104,1.35,0
688,688,0.84,0
887,898,1.08,0
961,959,1.17,0
1307,1307,1.6,0
1569,1565,1.92,0
643,637,0.79,0
609,604,0.74,0
865,863,1.06,0
1616,1616,1.97,0
682,682,0.83,0
815,809,1,0
911,910,1.11,0
1041,1038,1.27,0
1022,1029,1.25,0
1047,1041,1.28,0
1110,1113,1.36,0
894,890,1.09,0
769,766,0.94,0
864,864,1.05,0
1562,1557,1.91,0
929,931,1.13,0
853,860,1.04,0
917,912,1.12,0
870,871,1.06,0
750,746,0.92,0
880,880,1.07,0
747,749,0.91,0
961,961,1.17,0
1090,1088,1.33,0
999,997,1.22,0
637,635,0.78,0
966,970,1.18,0
1106,1105,1.35,0
643,639,0.79,0
859,857,1.05,0
731,727,0.89,0
676,678,0.83,0
1630,1633,1.99,0
1040,1039,1.27,0
1100,1104,1.34,0
852,849,1.04,0
1062,1065,1.3,0
996,998,1.22,0
854,851,1.04,0
1366,1363,1.67,0
1472,1481,1.8,0
1008,1013,1.23,0
1094,1100,1.34,0
1040,1040,1.27,0
1579,1584,1.93,0
1629,1617,1.99,0
727,733,0.89,0
733,721,0.89,0
848,853,1.04,0
848,847,1.04,0
869,875,1.06,0
611,608,0.75,0
811,812,0.99,0
862,854,1.05,0
961,959,1.17,0
851,848,1.04,0
720,718,0.88,0
1108,1107,1.35,1
1104,1104,1.35,1
1095,1094,1.34,1
1081,1078,1.32,1
1077,1072,1.32,1
1057,1070,1.29,1
1104,1105,1.35,1
1098,1089,1.34,1
1087,1088,1.33,1
1078,1075,1.32,1
1071,1072,1.31,1
1070,1070,1.31,1
1061,1056,1.3,1
1040,1040,1.27,1
1039,1040,1.27,1
1040,1039,1.27,1
1059,1060,1.29,1
1050,1054,1.28,1
1045,1051,1.28,1
1033,1037,1.26,1
1029,1034,1.26,1
1033,1035,1.26,1
1019,1020,1.24,1
1013,1019,1.24,1
1015,1021,1.24,1
1012,1019,1.24,1
1007,1005,1.23,1
996,1001,1.22,1
1003,999,1.22,1
999,1000,1.22,1
995,993,1.21,1
975,986,1.19,1
992,987,1.21,1
989,991,1.21,1
987,985,1.21,1
979,979,1.2,1
976,976,1.19,1
961,958,1.17,1
960,961,1.17,1
976,977,1.19,1
973,1007,1.19,1
968,971,1.18,1
967,976,1.18,1
960,962,1.17,1
969,981,1.18,1
969,976,1.18,1
975,975,1.19,1
976,975,1.19,1
973,971,1.19,1
972,967,1.19,1
967,946,1.18,1
960,961,1.17,1
948,954,1.16,1
949,950,1.16,1
944,943,1.15,1
923,929,1.13,1
929,927,1.13,1
922,925,1.13,1
910,928,1.11,1
919,925,1.12,1
916,917,1.12,1
919,918,1.12,1
912,914,1.11,1
912,917,1.11,1
902,906,1.1,1
893,899,1.09,1
898,891,1.1,1
897,905,1.1,1
902,902,1.1,1
913,896,1.11,1
899,901,1.1,1
930,926,1.14,1
926,927,1.13,1
915,915,1.12,1
916,912,1.12,1
902,903,1.1,1
910,907,1.11,1
898,900,1.1,1
891,892,1.09,1
880,889,1.07,1
897,882,1.1,1
874,871,1.07,1
867,869,1.06,1
896,890,1.09,1
880,887,1.07,1
883,881,1.08,1
876,879,1.07,1
866,874,1.06,1
874,864,1.07,1
859,859,1.05,1
843,843,1.03,1
831,830,1.01,1
826,830,1.01,1
821,827,1,1
835,831,1.02,1
849,850,1.04,1
853,859,1.04,1
849,848,1.04,1
891,884,1.09,1
883,889,1.08,1
880,880,1.07,1
879,878,1.07,1
873,869,1.07,1
870,871,1.06,1
860,863,1.05,1
861,864,1.05,1
861,866,1.05,1
865,871,1.06,1
879,881,1.07,1
878,880,1.07,1
876,878,1.07,1
874,869,1.07,1
869,868,1.06,1
869,872,1.06,1
906,909,1.11,1
899,899,1.1,1
891,891,1.09,1
881,880,1.08,1
877,877,1.07,1
877,869,1.07,1
873,869,1.07,1
874,864,1.07,1
874,871,1.07,1
873,874,1.07,1
879,875,1.07,1
901,903,1.1,1
903,918,1.1,1
915,917,1.12,1
916,914,1.12,1
934,943,1.14,1
963,963,1.18,1
960,960,1.17,1
955,958,1.17,1
949,935,1.16,1
934,934,1.14,1
941,937,1.15,1
943,935,1.15,1
932,939,1.14,1
945,958,1.15,1
944,942,1.15,1
938,940,1.15,1
938,931,1.15,1
940,930,1.15,1
937,937,1.14,1
949,947,1.16,1
981,983,1.2,1
992,997,1.21,1
1023,1018,1.25,1
1021,1017,1.25,1
1022,1034,1.25,1
1014,1014,1.24,1
1002,1001,1.22,1
994,994,1.21,1
994,995,1.21,1
989,982,1.21,1
993,990,1.21,1
982,973,1.2,1
979,976,1.2,1
977,974,1.19,1
975,975,1.19,1
981,976,1.2,1
974,976,1.19,1
968,960,1.18,1
955,959,1.17,1
950,951,1.16,1
942,944,1.15,1
943,939,1.15,1
944,945,1.15,1
943,946,1.15,1
934,934,1.14,1
942,942,1.15,1
935,932,1.14,1
944,944,1.15,1
938,935,1.15,1
949,944,1.16,1
948,951,1.16,1
944,946,1.15,1
944,946,1.15,1
946,946,1.16,1
951,957,1.16,1
953,948,1.16,1
942,944,1.15,1
944,944,1.15,1
947,947,1.16,1
944,945,1.15,1
940,942,1.15,1
937,937,1.14,1
944,943,1.15,1
939,932,1.15,1
935,933,1.14,1
937,935,1.14,1
934,931,1.14,1
916,931,1.12,1
932,927,1.14,1
945,949,1.15,1
943,945,1.15,1
944,947,1.15,1
941,936,1.15,1
943,940,1.15,1
942,939,1.15,1
934,931,1.14,1
922,919,1.13,1
915,912,1.12,1
906,906,1.11,1
912,912,1.11,1
909,910,1.11,1
905,901,1.11,1
894,895,1.09,1
886,884,1.08,1
877,877,1.07,1
875,880,1.07,1
885,889,1.08,1
881,883,1.08,1
882,885,1.08,1
859,879,1.05,1
870,877,1.06,1
859,861,1.05,1
866,858,1.06,1
855,863,1.04,1
885,891,1.08,1
885,884,1.08,1
897,896,1.1,1
913,918,1.11,1
946,951,1.16,1
960,961,1.17,1
956,953,1.17,1
948,947,1.16,1
944,943,1.15,1
929,930,1.13,1
934,934,1.14,1
921,919,1.12,1
911,910,1.11,1
897,901,1.1,1
894,895,1.09,1
881,886,1.08,1
881,880,1.08,1
879,869,1.07,1
868,867,1.06,1
859,861,1.05,1
850,853,1.04,1
848,848,1.04,1
864,866,1.05,1
864,859,1.05,1
859,859,1.05,1
860,863,1.05,1
864,864,1.05,1
865,862,1.06,1
881,880,1.08,1
874,873,1.07,1
874,875,1.07,1
865,869,1.06,1
868,861,1.06,1
866,867,1.06,1
858,857,1.05,1
851,848,1.04,1
877,876,1.07,1
886,891,1.08,1
891,890,1.09,1
883,885,1.08,1
892,890,1.09,1
889,883,1.09,1
891,888,1.09,1
880,880,1.07,1
880,878,1.07,1
899,887,1.1,1
907,910,1.11,1
899,906,1.1,1
898,898,1.1,1
903,903,1.1,1
944,945,1.15,1
944,944,1.15,1
945,947,1.15,1
946,945,1.16,1
941,943,1.15,1
946,945,1.16,1
944,947,1.15,1
944,944,1.15,1
945,943,1.15,1
943,944,1.15,1
947,949,1.16,1
943,943,1.15,1
951,953,1.16,1
971,975,1.19,1
970,964,1.18,1
960,960,1.17,1
949,949,1.16,1
938,934,1.15,1
941,937,1.15,1
929,928,1.13,1
926,928,1.13,1
924,919,1.13,1
915,912,1.12,1
902,898,1.1,1
901,895,1.1,1
899,905,1.1,1
912,911,1.11,1
901,907,1.1,1
896,898,1.09,1
903,901,1.1,1
897,896,1.1,1
891,896,1.09,1
901,898,1.1,1
890,890,1.09,1
881,882,1.08,1
876,880,1.07,1
877,879,1.07,1
867,866,1.06,1
873,870,1.07,1
876,880,1.07,1
910,909,1.11,1
890,883,1.09,1
881,880,1.08,1
878,879,1.07,1
871,869,1.06,1
874,870,1.07,1
875,868,1.07,1
874,874,1.07,1
946,954,1.16,1
959,960,1.17,1
959,959,1.17,1
955,950,1.17,1
968,969,1.18,1
972,974,1.19,1
962,965,1.17,1
960,962,1.17,1
944,942,1.15,1
947,949,1.16,1
941,940,1.15,1
953,942,1.16,1
953,947,1.16,1
960,958,1.17,1
949,950,1.16,1
944,941,1.15,1
925,930,1.13,1
921,915,1.12,1
931,933,1.14,1
964,962,1.18,1
985,980,1.2,1
983,978,1.2,1
977,975,1.19,1
977,981,1.19,1
992,991,1.21,1
993,989,1.21,1
1017,1021,1.24,1
1042,1043,1.27,1
1040,1040,1.27,1
1056,1061,1.29,1
1050,1051,1.28,1
1040,1040,1.27,1
1039,1040,1.27,1
1077,1083,1.32,1
1086,1087,1.33,1
1066,1065,1.3,1
1072,1071,1.31,1
1063,1061,1.3,1
1083,1088,1.32,1
1092,1092,1.33,1
1086,1083,1.33,1
1078,1084,1.32,1
1081,1085,1.32,1
1075,1075,1.31,1
1074,1074,1.31,1
1056,1055,1.29,1
1059,1059,1.29,1
1050,1048,1.28,1
1051,1054,1.28,1
1088,1085,1.33,1
1087,1088,1.33,1
1072,1077,1.31,1
1085,1090,1.32,1
1094,1097,1.34,1
1104,1104,1.35,1
1137,1152,1.39,1
1137,1137,1.39,1
1125,1122,1.37,1
1117,1119,1.36,1
1133,1134,1.38,1
1147,1145,1.4,1
1136,1136,1.39,1
1136,1136,1.39,1
1128,1133,1.38,1
1143,1145,1.4,1
1122,1119,1.37,1
1102,1104,1.35,1
1089,1091,1.33,1
1099,1102,1.34,1
1117,1118,1.36,1
1105,1108,1.35,1
1119,1111,1.37,1
1168,1170,1.43,1
1171,1171,1.43,1
1161,1157,1.42,1
1136,1136,1.39,1
1136,1136,1.39,1
1193,1193,1.46,1
1209,1215,1.48,1
1278,1276,1.56,1
1303,1303,1.59,1
1310,1308,1.6,1
1319,1319,1.61,1
1315,1313,1.61,1
1300,1296,1.59,1
1274,1261,1.56,1
1263,1257,1.54,1
1245,1245,1.52,1
1216,1219,1.48,1
1203,1200,1.47,1
1211,1217,1.48,1
1234,1238,1.51,1
1242,1244,1.52,1
1243,1241,1.52,1
1235,1223,1.51,1
1210,1214,1.48,1
1200,1205,1.47,1
1200,1197,1.47,1
1235,1235,1.51,1
1225,1227,1.5,1
1211,1205,1.48,1
1207,1212,1.47,1
1229,1230,1.5,1
1230,1232,1.5,1
1238,1239,1.51,1
1248,1246,1.52,1
1240,1241,1.51,1
1226,1228,1.5,1
1221,1222,1.49,1
1234,1241,1.51,1
1263,1264,1.54,1
1229,1229,1.5,1
1218,1216,1.49,1
1205,1201,1.47,1
1199,1196,1.46,1
1173,1180,1.43,1
1168,1166,1.43,1
1149,1151,1.4,1
1124,1126,1.37,1
1123,1123,1.37,1
1119,1120,1.37,1
1115,1115,1.36,1
1116,1121,1.36,1
1109,1113,1.35,1
1104,1104,1.35,1
1168,1172,1.43,1
1204,1206,1.47,1
1182,1178,1.44,1
1175,1170,1.43,1
1155,1168,1.41,1
1151,1154,1.41,1
1139,1150,1.39,1
1136,1136,1.39,1
1136,1136,1.39,1
1119,1121,1.37,1
1110,1107,1.36,1
1106,1105,1.35,1
1104,1103,1.35,1
1084,1083,1.32,1
1072,1066,1.31,1
1079,1079,1.32,1
1104,1104,1.35,1
1089,1088,1.33,1
1079,1077,1.32,1
1071,1068,1.31,1
1051,1052,1.28,1
1041,1040,1.27,1
1030,1031,1.26,1
1011,1016,1.23,1
1008,1008,1.23,1
1022,1023,1.25,1
1056,1058,1.29,1
1053,1046,1.29,1
1044,1040,1.27,1
1031,1034,1.26,1
1023,1022,1.25,1
1043,1046,1.27,1
1056,1059,1.29,1
1039,1038,1.27,1
1021,1030,1.25,1
1014,1015,1.24,1
1003,997,1.22,1
992,1022,1.21,1
997,997,1.22,1
989,989,1.21,1
979,976,1.2,1
966,970,1.18,1
983,980,1.2,1
994,993,1.21,1
1006,1000,1.23,1
997,997,1.22,1
1040,1038,1.27,1
1071,1071,1.31,1
1052,1050,1.28,1
1052,1056,1.28,1
1047,1041,1.28,1
1055,1055,1.29,1
1054,1056,1.29,1
1043,1042,1.27,1
1017,1015,1.24,1
1018,1013,1.24,1
1008,1008,1.23,1
1008,1009,1.23,1
1022,1022,1.25,1
1018,1017,1.24,1
1012,1009,1.24,1
1033,1035,1.26,1
1070,1070,1.31,1
1089,1089,1.33,1
1105,1104,1.35,1
1104,1104,1.35,1
1115,1115,1.36,1
1098,1095,1.34,1
1098,1091,1.34,1
1095,1099,1.34,1
1099,1093,1.34,1
1088,1088,1.33,1
1074,1072,1.31,1
1069,1063,1.31,1
1059,1057,1.29,1
1056,1053,1.29,1
1056,1054,1.29,1
1068,1071,1.3,1
1072,1062,1.31,1
1075,1079,1.31,1
1057,1058,1.29,1
1059,1056,1.29,1
1053,1056,1.29,1
1047,1051,1.28,1
1050,1050,1.28,1
1065,1067,1.3,1
1062,1059,1.3,1
1042,1050,1.27,1
1040,1041,1.27,1
1054,1054,1.29,1
1075,1072,1.31,1
1071,1070,1.31,1
1075,1073,1.31,1
1104,1103,1.35,1
1127,1124,1.38,1
1113,1109,1.36,1
1101,1098,1.34,1
1085,1088,1.32,1
1104,1104,1.35,1
1102,1104,1.35,1
1088,1084,1.33,1
1072,1075,1.31,1
1057,1059,1.29,1
1085,1079,1.32,1
1072,1072,1.31,1
1066,1066,1.3,1
1056,1058,1.29,1
1107,1107,1.35,1
1126,1125,1.37,1
1118,1123,1.37,1
1093,1105,1.33,1
1095,1097,1.34,1
1104,1110,1.35,1
1111,1109,1.36,1
1087,1086,1.33,1
1072,1072,1.31,1
1061,1057,1.3,1
1033,1030,1.26,1
1062,1061,1.3,1
1073,1078,1.31,1
1075,1072,1.31,1
1072,1071,1.31,1
1092,1094,1.33,1
1111,1106,1.36,1
1101,1098,1.34,1
1129,1131,1.38,1
1139,1141,1.39,1
1129,1135,1.38,1
1157,1157,1.41,1
1187,1194,1.45,1
1177,1168,1.44,1
1166,1168,1.42,1
1167,1171,1.42,1
1163,1161,1.42,1
1193,1185,1.46,1
1200,1202,1.47,1
1187,1190,1.45,1
1177,1184,1.44,1
1222,1231,1.49,1
1264,1264,1.54,1
1247,1249,1.52,1
1241,1244,1.52,1
1237,1242,1.51,1
1219,1221,1.49,1
1207,1203,1.47,1
1194,1195,1.46,1
1187,1188,1.45,1
1168,1168,1.43,1
1170,1168,1.43,1
1210,1200,1.48,1
1214,1216,1.48,1
1203,1204,1.47,1
1186,1190,1.45,1
1187,1199,1.45,1
1244,1248,1.52,1
1280,1277,1.56,1
1290,1286,1.58,1
1286,1285,1.57,1
1286,1287,1.57,1
1271,1267,1.55,1
1249,1254,1.53,1
1247,1244,1.52,1
1232,1230,1.5,1
1256,1258,1.53,1
1249,1248,1.53,1
1232,1234,1.5,1
1243,1238,1.52,1
1228,1232,1.5,1
1217,1219,1.49,1
1218,1216,1.49,1
1269,1270,1.55,1
1265,1261,1.54,1
1247,1250,1.52,1
1223,1225,1.49,1
1216,1216,1.48,1
1235,1230,1.51,1
1215,1215,1.48,1
1198,1200,1.46,1
1189,1189,1.45,1
1199,1200,1.46,1
1225,1226,1.5,1
1200,1210,1.47,1
1203,1200,1.47,1
1180,1175,1.44,1
1179,1179,1.44,1
1197,1199,1.46,1
1199,1199,1.46,1
1201,1200,1.47,1
1191,1189,1.45,1
1184,1179,1.45,1
1197,1199,1.46,1
1191,1189,1.45,1
1195,1197,1.46,1
1168,1166,1.43,1
1177,1173,1.44,1
1211,1205,1.48,1
1200,1197,1.47,1
1189,1187,1.45,1
1185,1178,1.45,1
1175,1178,1.43,1
1178,1184,1.44,1
1197,1195,1.46,1
1182,1178,1.44,1
1173,1175,1.43,1
1169,1169,1.43,1
1171,1168,1.43,1
1157,1158,1.41,1
1150,1146,1.4,1
1146,1141,1.4,1
1132,1134,1.38,1
1188,1192,1.45,1
1188,1185,1.45,1
1175,1181,1.43,1
1168,1169,1.43,1
1160,1155,1.42,1
1191,1197,1.45,1
1225,1222,1.5,1
1213,1215,1.48,1
1199,1200,1.46,1
1181,1184,1.44,1
1180,1179,1.44,1
1168,1163,1.43,1
1155,1152,1.41,1
1130,1129,1.38,1
1155,1157,1.41,1
1168,1168,1.43,1
1216,1213,1.48,1
1207,1206,1.47,1
1190,1193,1.45,1
1203,1201,1.47,1
1210,1200,1.48,1
1247,1251,1.52,1
1278,1275,1.56,1
1261,1261,1.54,1
1264,1263,1.54,1
1248,1247,1.52,1
1226,1223,1.5,1
1215,1211,1.48,1
1200,1200,1.47,1
1181,1180,1.44,1
1183,1183,1.44,1
1179,1178,1.44,1
1191,1191,1.45,1
1179,1178,1.44,1
1197,1196,1.46,1
1200,1203,1.47,1
1264,1274,1.54,1
1278,1280,1.56,1
1264,1265,1.54,1
1265,1268,1.54,1
1284,1277,1.57,1
1280,1278,1.56,1
1283,1284,1.57,1
1255,1259,1.53,1
1247,1246,1.52,1
1219,1219,1.49,1
1239,1238,1.51,1
1232,1231,1.5,1
1222,1222,1.49,1
1213,1216,1.48,1
1249,1257,1.53,1
1289,1293,1.57,1
1288,1283,1.57,1
1294,1289,1.58,1
1295,1295,1.58,1
1289,1281,1.57,1
1264,1263,1.54,1
1248,1248,1.52,1
1233,1235,1.51,1
1217,1213,1.49,1
1222,1222,1.49,1
1269,1271,1.55,1
1325,1322,1.62,1
1307,1307,1.6,1
1301,1295,1.59,1
1290,1285,1.58,1
1343,1344,1.64,1
1354,1349,1.65,1
1348,1350,1.65,1
1326,1327,1.62,1
1310,1312,1.6,1
1298,1297,1.58,1
1275,1278,1.56,1
1285,1281,1.57,1
1277,1271,1.56,1
1264,1264,1.54,1
1307,1307,1.6,1
1339,1340,1.63,1
1335,1337,1.63,1
1319,1323,1.61,1
1360,1363,1.66,1
1424,1425,1.74,1
1451,1456,1.77,1
1437,1441,1.75,1
1427,1425,1.74,1
1408,1409,1.72,1
1387,1386,1.69,1
1388,1385,1.69,1
1368,1366,1.67,1
1353,1351,1.65,1
1349,1346,1.65,1
1330,1328,1.62,1
1366,1360,1.67,1
1367,1363,1.67,1
1359,1360,1.66,1
1357,1355,1.66,1
1405,1409,1.72,1
1440,1440,1.76,1
1458,1456,1.78,1
1433,1431,1.75,1
1414,1418,1.73,1
1405,1406,1.72,1
1378,1378,1.68,1
1360,1360,1.66,1
1350,1344,1.65,1
1330,1329,1.62,1
1357,1359,1.66,1
1409,1409,1.72,1
1437,1435,1.75,1
1417,1419,1.73,1
1402,1424,1.71,1
1441,1441,1.76,1
1489,1490,1.82,1
1510,1518,1.84,1
1520,1520,1.86,1
1507,1514,1.84,1
1507,1509,1.84,1
1490,1489,1.82,1
1491,1490,1.82,1
1462,1458,1.79,1
1455,1452,1.78,1
1424,1424,1.74,1
1497,1499,1.83,1
1523,1521,1.86,1
1509,1506,1.84,1
1519,1520,1.85,1
1522,1521,1.86,1
1535,1535,1.87,1
1564,1558,1.91,1
1569,1566,1.92,1
1553,1552,1.9,1
1562,1561,1.91,1
1535,1525,1.87,1
1518,1518,1.85,1
1503,1504,1.84,1
1495,1494,1.83,1
1467,1467,1.79,1
1467,1469,1.79,1
1494,1499,1.82,1
1508,1504,1.84,1
1491,1490,1.82,1
1479,1474,1.81,1
1520,1520,1.86,1
1558,1552,1.9,1
1553,1551,1.9,1
1518,1520,1.85,1
1520,1515,1.86,1
1504,1503,1.84,1
1459,1469,1.78,1
1455,1453,1.78,1
1453,1453,1.77,1
1431,1437,1.75,1
1420,1424,1.73,1
1442,1456,1.76,1
1439,1440,1.76,1
1422,1420,1.74,1
1408,1407,1.72,1
1397,1406,1.71,1
1455,1455,1.78,1
1450,1450,1.77,1
1426,1429,1.74,1
1415,1423,1.73,1
1399,1401,1.71,1
1420,1397,1.73,1
1385,1391,1.69,1
1355,1348,1.65,1
1326,1334,1.62,1
1319,1318,1.61,1
1360,1360,1.66,1
1363,1363,1.66,1
1376,1354,1.68,1
1334,1342,1.63,1
1402,1402,1.71,1
1455,1453,1.78,1
1456,1456,1.78,1
1410,1411,1.72,1
1399,1395,1.71,1
1381,1383,1.69,1
1357,1362,1.66,1
1362,1358,1.66,1
1355,1355,1.65,1
1342,1357,1.64,1
1308,1306,1.6,1
1296,1303,1.58,1
1329,1331,1.62,1
1327,1327,1.62,1
1333,1329,1.63,1
1329,1328,1.62,1
1413,1409,1.73,1
1443,1442,1.76,1
1423,1439,1.74,1
1422,1422,1.74,1
1394,1395,1.7,1
1379,1382,1.68,1
1374,1373,1.68,1
1347,1357,1.64,1
1348,1350,1.65,1
1333,1335,1.63,1
1326,1328,1.62,1
1319,1323,1.61,1
1315,1313,1.61,1
1295,1298,1.58,1
1277,1277,1.56,1
1291,1291,1.58,1
1319,1328,1.61,1
1424,1417,1.74,1
1427,1427,1.74,1
1453,1446,1.77,1
1426,1423,1.74,1
1417,1405,1.73,1
1401,1404,1.71,1
1389,1386,1.7,1
1369,1365,1.67,1
1385,1382,1.69,1
1419,1424,1.73,1
1414,1417,1.73,1
1392,1392,1.7,1
1385,1379,1.69,1
1411,1414,1.72,1
1432,1434,1.75,1
1457,1479,1.78,1
1435,1432,1.75,1
1434,1432,1.75,1
1424,1423,1.74,1
1417,1417,1.73,1
1392,1394,1.7,1
1381,1388,1.69,1
1367,1366,1.67,1
1394,1392,1.7,1
1424,1408,1.74,1
1434,1435,1.75,1
1407,1409,1.72,1
1405,1406,1.72,1
1421,1422,1.74,1
1457,1458,1.78,1
1495,1491,1.83,1
1473,1472,1.8,1
1455,1456,1.78,1
1437,1433,1.75,1
1421,1413,1.74,1
1418,1418,1.73,1
1379,1389,1.68,1
1381,1381,1.69,1
1371,1371,1.67,1
1435,1437,1.75,1
1429,1437,1.74,1
1429,1427,1.74,1
1422,1424,1.74,1
1455,1459,1.78,1
1482,1485,1.81,1
1501,1499,1.83,1
1484,1473,1.81,1
1468,1469,1.79,1
1458,1460,1.78,1
1437,1435,1.75,1
1427,1427,1.74,1
1422,1425,1.74,1
1417,1413,1.73,1
1385,1389,1.69,1
1407,1408,1.72,1
1455,1456,1.78,1
1425,1453,1.74,1
1439,1433,1.76,1
1419,1417,1.73,1
1470,1473,1.79,1
1520,1520,1.86,1
1520,1519,1.86,1
1500,1495,1.83,1
1471,1471,1.8,1
1489,1493,1.82,1
1483,1482,1.81,1
1456,1455,1.78,1
1440,1442,1.76,1
1424,1431,1.74,1
1411,1395,1.72,1
1466,1464,1.79,1
1475,1473,1.8,1
1466,1466,1.79,1
1447,1443,1.77,1
1437,1429,1.75,1
1453,1456,1.77,1
1488,1490,1.82,1
1478,1476,1.8,1
1469,1467,1.79,1
1446,1442,1.77,1
1429,1427,1.74,1
1413,1408,1.73,1
1397,1403,1.71,1
1371,1376,1.67,1
1332,1349,1.63,1
1349,1347,1.65,1
1392,1371,1.7,1
1359,1358,1.66,1
1345,1347,1.64,1
1376,1366,1.68,1
1411,1406,1.72,1
1439,1436,1.76,1
1410,1410,1.72,1
1392,1392,1.7,1
1362,1392,1.66,1
1363,1361,1.66,1
1343,1374,1.64,1
1344,1340,1.64,1
1333,1333,1.63,1
1322,1341,1.61,1
1360,1363,1.66,1
1385,1387,1.69,1
1386,1384,1.69,1
1363,1368,1.66,1
1377,1370,1.68,1
1442,1430,1.76,1
1483,1493,1.81,1
1500,1509,1.83,1
1505,1503,1.84,1
1523,1531,1.86,1
1527,1522,1.86,1
1521,1519,1.86,1
1504,1506,1.84,1
1488,1485,1.82,1
1471,1465,1.8,1
1441,1446,1.76,1
1487,1457,1.82,1
1488,1469,1.82,1
1456,1456,1.78,1
1461,1466,1.78,1
1483,1484,1.81,1
1507,1514,1.84,1
1531,1541,1.87,1
1509,1507,1.84,1
1494,1497,1.82,1
1488,1485,1.82,1
1473,1469,1.8,1
1454,1456,1.78,1
1439,1439,1.76,1
1403,1398,1.71,1
1381,1385,1.69,1
1381,1380,1.69,1
1392,1386,1.7,1
1374,1369,1.68,1
1358,1357,1.66,1
1357,1358,1.66,1
1372,1373,1.68,1
1398,1398,1.71,1
1404,1397,1.71,1
1379,1378,1.68,1
1366,1370,1.67,1
1394,1388,1.7,1
1362,1376,1.66,1
1216,1216,1.48,1
1245,1247,1.52,1
1242,1241,1.52,1
1263,1260,1.54,1
1267,1270,1.55,1
1307,1301,1.6,1
1328,1328,1.62,1
1328,1328,1.62,1
1355,1346,1.65,1
1355,1350,1.65,1
1354,1357,1.65,1
1344,1341,1.64,1
1330,1329,1.62,1
1317,1322,1.61,1
1296,1301,1.58,1
1290,1291,1.58,1
1294,1291,1.58,1
1281,1286,1.56,1
1281,1283,1.56,1
1281,1282,1.56,1
1274,1278,1.56,1
1296,1298,1.58,1
1296,1297,1.58,1
1284,1282,1.57,1
1302,1302,1.59,1
1318,1311,1.61,1
1299,1306,1.59,1
1293,1293,1.58,1
1283,1285,1.57,1
1270,1271,1.55,1
1248,1263,1.52,1
1233,1232,1.51,1
1228,1222,1.5,1
1223,1221,1.49,1
1223,1224,1.49,1
1217,1215,1.49,1
1219,1215,1.49,1
1230,1228,1.5,1
1253,1247,1.53,1
1245,1250,1.52,1
1264,1264,1.54,1
1255,1253,1.53,1
1267,1270,1.55,1
1282,1289,1.57,1
1284,1290,1.57,1
1275,1274,1.56,1
1253,1254,1.53,1
1233,1233,1.51,1
1241,1234,1.52,1
1225,1222,1.5,1
1289,1295,1.57,1
1290,1292,1.58,1
1289,1289,1.57,1
1284,1286,1.57,1
1300,1299,1.59,1
1294,1297,1.58,1
1296,1298,1.58,1
1296,1297,1.58,1
1293,1296,1.58,1
1286,1285,1.57,1
1264,1264,1.54,1
1264,1263,1.54,1
1287,1264,1.57,1
1273,1275,1.55,1
1268,1266,1.55,1
1257,1264,1.53,1
1249,1254,1.53,1
1251,1250,1.53,1
1234,1235,1.51,1
1221,1216,1.49,1
1215,1214,1.48,1
1211,1213,1.48,1
1226,1226,1.5,1
1221,1216,1.49,1
1205,1203,1.47,1
1193,1194,1.46,1
1194,1196,1.46,1
1182,1181,1.44,1
1173,1173,1.43,1
1166,1164,1.42,1
1175,1178,1.43,1
1243,1246,1.52,1
1243,1243,1.52,1
1226,1228,1.5,1
1193,1191,1.46,1
1198,1194,1.46,1
1197,1199,1.46,1
1189,1185,1.45,1
1175,1178,1.43,1
1168,1169,1.43,1
1179,1181,1.44,1
1162,1162,1.42,1
1152,1151,1.41,1
1143,1138,1.4,1
1136,1138,1.39,1
1137,1135,1.39,1
1132,1135,1.38,1
1114,1117,1.36,1
1116,1120,1.36,1
1145,1147,1.4,1
1147,1149,1.4,1
1136,1139,1.39,1
1153,1131,1.41,1
1120,1121,1.37,1
1115,1115,1.36,1
1106,1107,1.35,1
1105,1105,1.35,1
1091,1095,1.33,1
1097,1093,1.34,1
1094,1100,1.34,1
1104,1104,1.35,1
1153,1143,1.41,1
1152,1150,1.41,1
1179,1180,1.44,1
1185,1185,1.45,1
1246,1254,1.52,1
1264,1264,1.54,1
1254,1259,1.53,1
1247,1243,1.52,1
1232,1233,1.5,1
1229,1229,1.5,1
1210,1217,1.48,1
1201,1200,1.47,1
1178,1179,1.44,1
1179,1179,1.44,1
1167,1168,1.42,1
1157,1156,1.41,1
1148,1147,1.4,1
1159,1155,1.42,1
1169,1168,1.43,1
1173,1172,1.43,1
1179,1178,1.44,1
1195,1198,1.46,1
1206,1191,1.47,1
1199,1202,1.46,1
1175,1186,1.43,1
1181,1178,1.44,1
1179,1177,1.44,1
1167,1163,1.42,1
1168,1168,1.43,1
1173,1209,1.43,1
1194,1193,1.46,1
1205,1206,1.47,1
1199,1214,1.46,1
1198,1205,1.46,1
1189,1196,1.45,1
1171,1175,1.43,1
1167,1167,1.42,1
1146,1155,1.4,1
1148,1151,1.4,1
1137,1136,1.39,1
1129,1126,1.38,1
1121,1135,1.37,1
1122,1121,1.37,1
1111,1114,1.36,1
1109,1104,1.35,1
1121,1119,1.37,1
1108,1102,1.35,1
1111,1106,1.36,1
1098,1102,1.34,1
1130,1121,1.38,1
1114,1117,1.36,1
1115,1114,1.36,1
1112,1109,1.36,1
1111,1102,1.36,1
1100,1100,1.34,1
1098,1100,1.34,1
1094,1091,1.34,1
1107,1107,1.35,1
1115,1110,1.36,1
1104,1101,1.35,1
1095,1097,1.34,1
1090,1089,1.33,1
1088,1085,1.33,1
1103,1088,1.35,1
1098,1097,1.34,1
1072,1072,1.31,1
1056,1066,1.29,1
1059,1058,1.29,1
1050,1051,1.28,1
1040,1038,1.27,1
1043,1042,1.27,1
1040,1040,1.27,1
1011,1018,1.23,1
1030,1029,1.26,1
1039,1042,1.27,1
1023,1013,1.25,1
1034,1023,1.26,1
1018,1022,1.24,1
1015,1013,1.24,1
1005,1004,1.23,1
997,997,1.22,1
989,992,1.21,1
982,980,1.2,1
992,987,1.21,1
976,983,1.19,1
1008,1008,1.23,1
1008,1005,1.23,1
1010,1013,1.23,1
993,992,1.21,1
993,991,1.21,1
1011,1015,1.23,1
1001,1003,1.22,1
992,1007,1.21,1
1019,1021,1.24,1
1040,1061,1.27,1
1039,1038,1.27,1
1045,1040,1.28,1
1040,1040,1.27,1
1038,1038,1.27,1
1041,1031,1.27,1
1031,1031,1.26,1
1017,1019,1.24,1
1006,1011,1.23,1
994,998,1.21,1
981,976,1.2,1
981,983,1.2,1
981,982,1.2,1
977,979,1.19,1
993,994,1.21,1
1004,998,1.23,1
1015,1015,1.24,1
1040,1040,1.27,1
1051,1044,1.28,1
1041,1040,1.27,1
1037,1038,1.27,1
1046,1051,1.28,1
1121,1129,1.37,1
1136,1135,1.39,1
1136,1138,1.39,1
1150,1142,1.4,1
1122,1124,1.37,1
1122,1130,1.37,1
1136,1142,1.39,1
1154,1148,1.41,1
1190,1189,1.45,1
1217,1222,1.49,1
1214,1214,1.48,1
1194,1200,1.46,1
1184,1186,1.45,1
1189,1187,1.45,1
1168,1165,1.43,1
1161,1155,1.42,1
1150,1147,1.4,1
1133,1138,1.38,1
1135,1135,1.39,1
1149,1122,1.4,1
1200,1200,1.47,1
1187,1181,1.45,1
1214,1214,1.48,1
1239,1237,1.51,1
1253,1259,1.53,1
1248,1248,1.52,1
1230,1232,1.5,1
1232,1232,1.5,1
1217,1215,1.49,1
1211,1210,1.48,1
1195,1197,1.46,1
1186,1184,1.45,1
1183,1183,1.44,1
1168,1170,1.43,1
1154,1149,1.41,1
1152,1158,1.41,1
1167,1157,1.42,1
1137,1136,1.39,1
1154,1149,1.41,1
1145,1142,1.4,1
1136,1136,1.39,1
1143,1136,1.4,1
1127,1127,1.38,1
1107,1104,1.35,1
1111,1111,1.36,1
1108,1106,1.35,1
1092,1104,1.33,1
1081,1075,1.32,1
1117,1121,1.36,1
1123,1123,1.37,1
1095,1091,1.34,1
1082,1086,1.32,1
1090,1078,1.33,1
1079,1072,1.32,1
1075,1072,1.31,1
1092,1091,1.33,1
1103,1104,1.35,1
1089,1085,1.33,1
1088,1090,1.33,1
1088,1083,1.33,1
1071,1072,1.31,1
1060,1057,1.29,1
1072,1072,1.31,1
1056,1053,1.29,1
1040,1040,1.27,1
1032,1030,1.26,1
1029,1030,1.26,1
1070,1067,1.31,1
1072,1085,1.31,1
1103,1097,1.35,1
1099,1093,1.34,1
1104,1105,1.35,1
1105,1105,1.35,1
1091,1089,1.33,1
1100,1103,1.34,1
1100,1099,1.34,1
1088,1085,1.33,1
1093,1088,1.33,1
1097,1098,1.34,1
1102,1104,1.35,1
1101,1098,1.34,1
1091,1091,1.33,1
1091,1091,1.33,1
1108,1104,1.35,1
1129,1127,1.38,1
1139,1141,1.39,1
1125,1125,1.37,1
1123,1118,1.37,1
1105,1105,1.35,1
1099,1094,1.34,1
1088,1090,1.33,1
1086,1078,1.33,1
1072,1072,1.31,1
1052,1057,1.28,1
1055,1056,1.29,1
1040,1040,1.27,1
1011,1019,1.23,1
1013,1018,1.24,1
999,1006,1.22,1
1008,1008,1.23,1
1008,1008,1.23,1
1021,1032,1.25,1
1040,1040,1.27,1
1023,1029,1.25,1
1023,1023,1.25,1
1040,1039,1.27,1
1038,1031,1.27,1
1082,1082,1.32,1
1139,1138,1.39,1
1168,1163,1.43,1
1172,1178,1.43,1
1181,1173,1.44,1
1156,1170,1.41,1
1157,1155,1.41,1
1163,1166,1.42,1
1217,1216,1.49,1
1232,1225,1.5,1
1219,1217,1.49,1
1200,1200,1.47,1
1193,1189,1.46,1
1257,1254,1.53,1
1243,1247,1.52,1
1232,1232,1.5,1
1210,1210,1.48,1
1201,1199,1.47,1
1195,1200,1.46,1
1152,1165,1.41,1
1168,1162,1.43,1
1170,1173,1.43,1
1165,1168,1.42,1
1155,1149,1.41,1
1141,1142,1.39,1
1136,1136,1.39,1
1111,1105,1.36,1
1099,1101,1.34,1
1111,1114,1.36,1
1152,1152,1.41,1
1147,1147,1.4,1
1143,1137,1.4,1
1126,1131,1.37,1
1119,1120,1.37,1
1107,1109,1.35,1
1094,1091,1.34,1
1076,1073,1.31,1
1071,1073,1.31,1
1075,1066,1.31,1
1089,1093,1.33,1
1079,1085,1.32,1
1072,1072,1.31,1
1071,1072,1.31,1
1066,1062,1.3,1
1061,1057,1.3,1
1057,1065,1.29,1
1045,1046,1.28,1
1041,1042,1.27,1
1029,1031,1.26,1
1003,1003,1.22,1
1008,1005,1.23,1
997,993,1.22,1
994,997,1.21,1
1006,1002,1.23,1
1030,1029,1.26,1
1017,1010,1.24,1
1010,1009,1.23,1
1039,1040,1.27,1
1052,1058,1.28,1
1055,1056,1.29,1
1057,1057,1.29,1
1046,1054,1.28,1
1047,1018,1.28,1
1075,1073,1.31,1
1079,1081,1.32,1
1081,1076,1.32,1
1072,1069,1.31,1
1061,1056,1.3,1
1054,1055,1.29,1
1053,1055,1.29,1
1044,1043,1.27,1
1035,1037,1.26,1
1029,1029,1.26,1
1023,1018,1.25,1
1001,995,1.22,1
999,1002,1.22,1
997,999,1.22,1
986,979,1.2,1
976,979,1.19,1
978,978,1.19,1
986,987,1.2,1
1005,1006,1.23,1
999,998,1.22,1
997,1001,1.22,1
988,983,1.21,1
982,986,1.2,1
994,990,1.21,1
988,995,1.21,1
1016,1015,1.24,1
1029,1033,1.26,1
1015,1012,1.24,1
1010,1010,1.23,1
1006,1008,1.23,1
993,992,1.21,1
988,987,1.21,1
997,1002,1.22,1
995,992,1.21,1
985,984,1.2,1
966,966,1.18,1
971,976,1.19,1
971,976,1.19,1
973,967,1.19,1
961,962,1.17,1
956,955,1.17,1
948,946,1.16,1
970,975,1.18,1
1030,1040,1.26,1
1042,1043,1.27,1
1047,1045,1.28,1
1045,1043,1.28,1
1031,1036,1.26,1
1017,1020,1.24,1
1035,1038,1.26,1
1023,1017,1.25,1
1015,1019,1.24,1
1022,1018,1.25,1
1008,1008,1.23,1
1023,1021,1.25,1
1017,1012,1.24,1
1033,1035,1.26,1
1072,1063,1.31,1
1061,1065,1.3,1
1072,1072,1.31,1
1069,1068,1.31,1
1053,1057,1.29,1
1060,1062,1.29,1
1055,1056,1.29,1
1047,1043,1.28,1
1040,1040,1.27,1
1033,1030,1.26,1
1002,1007,1.22,1
1014,1021,1.24,1
1031,1030,1.26,1
1042,1041,1.27,1
1047,1051,1.28,1
1075,1074,1.31,1
1082,1081,1.32,1
1070,1072,1.31,1
1072,1078,1.31,1
1073,1072,1.31,1
1066,1065,1.3,1
1062,1059,1.3,1
1050,1048,1.28,1
1040,1038,1.27,1
1035,1034,1.26,1
1039,1035,1.27,1
1057,1055,1.29,1
1103,1104,1.35,1
1089,1088,1.33,1
1083,1085,1.32,1
1089,1097,1.33,1
1121,1121,1.37,1
1136,1135,1.39,1
1137,1139,1.39,1
1117,1115,1.36,1
1104,1104,1.35,1
1103,1103,1.35,1
1086,1088,1.33,1
1092,1093,1.33,1
1085,1083,1.32,1
1093,1089,1.33,1
1107,1107,1.35,1
1102,1103,1.35,1
1120,1119,1.37,1
1119,1118,1.37,1
1159,1166,1.42,1
1202,1200,1.47,1
1199,1195,1.46,1
1189,1191,1.45,1
1195,1193,1.46,1
1173,1177,1.43,1
1168,1168,1.43,1
1161,1158,1.42,1
1145,1140,1.4,1
1135,1133,1.39,1
1117,1118,1.36,1
1104,1109,1.35,1
1104,1102,1.35,1
1099,1099,1.34,1
1101,1102,1.34,1
1088,1087,1.33,1
1083,1078,1.32,1
1089,1088,1.33,1
1087,1088,1.33,1
1083,1082,1.32,1
1096,1096,1.34,1
1103,1102,1.35,1
1099,1100,1.34,1
1111,1115,1.36,1
1109,1106,1.35,1
1108,1104,1.35,1
1099,1090,1.34,1
1089,1088,1.33,1
1133,1133,1.38,1
1127,1126,1.38,1
1117,1119,1.36,1
1120,1124,1.37,1
1121,1122,1.37,1
1119,1127,1.37,1
1108,1110,1.35,1
1093,1094,1.33,1
1098,1098,1.34,1
1095,1094,1.34,1
1104,1109,1.35,1
1104,1102,1.35,1
1093,1091,1.33,1
1087,1088,1.33,1
1106,1104,1.35,1
1104,1099,1.35,1
1097,1091,1.34,1
1084,1086,1.32,1
1102,1104,1.35,1
1107,1113,1.35,1
1098,1095,1.34,1
1088,1089,1.33,1
1085,1082,1.32,1
1074,1073,1.31,1
1072,1072,1.31,1
1063,1062,1.3,1
1056,1053,1.29,1
1043,1045,1.27,1
1040,1043,1.27,1
1075,1077,1.31,1
1089,1095,1.33,1
1086,1088,1.33,1
1089,1088,1.33,1
1065,1067,1.3,1
1066,1072,1.3,1
1081,1079,1.32,1
1083,1079,1.32,1
1124,1121,1.37,1
1143,1149,1.4,1
1154,1150,1.41,1
1137,1137,1.39,1
1131,1133,1.38,1
1125,1122,1.37,1
1121,1123,1.37,1
1136,1126,1.39,1
1149,1152,1.4,1
1155,1157,1.41,1
1142,1140,1.39,1
1141,1142,1.39,1
1134,1131,1.38,1
1119,1120,1.37,1
1099,1097,1.34,1
1089,1088,1.33,1
1072,1072,1.31,1
1065,1065,1.3,1
1059,1060,1.29,1
1052,1050,1.28,1
1040,1053,1.27,1
1022,1031,1.25,1
1033,1021,1.26,1
1035,1031,1.26,1
1031,1033,1.26,1
1033,1031,1.26,1
1019,1023,1.24,1
1019,1015,1.24,1
1008,1008,1.23,1
1043,1041,1.27,1
1035,1036,1.26,1
1021,1020,1.25,1
1017,1014,1.24,1
999,1007,1.22,1
993,990,1.21,1
986,986,1.2,1
981,986,1.2,1
977,979,1.19,1
970,971,1.18,1
976,978,1.19,1
969,976,1.18,1
971,970,1.19,1
967,962,1.18,1
957,957,1.17,1
955,951,1.17,1
947,947,1.16,1
935,935,1.14,1
914,912,1.12,1
912,904,1.11,1
898,906,1.1,1
897,898,1.1,1
907,912,1.11,1
899,899,1.1,1
897,897,1.1,1
911,911,1.11,1
898,903,1.1,1
895,896,1.09,1
893,889,1.09,1
885,879,1.08,1
880,880,1.07,1
877,876,1.07,1
874,870,1.07,1
862,865,1.05,1
848,852,1.04,1
838,842,1.02,1
836,839,1.02,1
839,841,1.02,1
838,836,1.02,1
843,836,1.03,1
849,848,1.04,1
864,869,1.05,1
900,899,1.1,1
899,898,1.1,1
892,892,1.09,1
887,893,1.08,1
893,890,1.09,1
892,887,1.09,1
882,881,1.08,1
874,876,1.07,1
867,867,1.06,1
862,863,1.05,1
848,849,1.04,1
843,842,1.03,1
841,847,1.03,1
843,848,1.03,1
847,846,1.03,1
848,843,1.04,1
843,844,1.03,1
843,835,1.03,1
827,833,1.01,1
830,829,1.01,1
830,829,1.01,1
827,825,1.01,1
825,826,1.01,1
830,829,1.01,1
823,823,1,1
823,827,1,1
819,818,1,1
821,821,1,1
816,821,1,1
817,816,1,1
815,810,1,1
816,815,1,1
819,817,1,1
816,816,1,1
814,815,0.99,1
811,815,0.99,1
816,816,1,1
821,819,1,1
813,814,0.99,1
848,849,1.04,1
849,850,1.04,1
853,849,1.04,1
873,869,1.07,1
866,865,1.06,1
859,864,1.05,1
848,849,1.04,1
871,873,1.06,1
869,874,1.06,1
868,869,1.06,1
865,864,1.06,1
863,858,1.05,1
862,864,1.05,1
861,862,1.05,1
867,867,1.06,1
849,848,1.04,1
855,855,1.04,1
858,861,1.05,1
853,853,1.04,1
850,848,1.04,1
847,849,1.03,1
837,842,1.02,1
832,826,1.02,1
819,816,1,1
809,811,0.99,1
832,838,1.02,1
843,843,1.03,1
834,835,1.02,1
841,845,1.03,1
841,835,1.03,1
838,841,1.02,1
837,835,1.02,1
832,832,1.02,1
823,819,1,1
817,810,1,1
814,816,0.99,1
816,810,1,1
807,805,0.99,1
793,791,0.97,1
789,790,0.96,1
800,802,0.98,1
802,790,0.98,1
809,810,0.99,1
813,809,0.99,1
805,795,0.98,1
799,795,0.98,1
794,791,0.97,1
793,793,0.97,1
793,790,0.97,1
789,789,0.96,1
783,782,0.96,1
782,784,0.95,1
782,781,0.95,1
774,771,0.95,1
774,774,0.95,1
781,781,0.95,1
782,779,0.95,1
769,773,0.94,1
775,780,0.95,1
789,792,0.96,1
786,787,0.96,1
801,801,0.98,1
802,801,0.98,1
791,794,0.97,1
806,801,0.98,1
801,801,0.98,1
800,797,0.98,1
795,797,0.97,1
787,785,0.96,1
776,773,0.95,1
771,769,0.94,1
768,766,0.94,1
775,779,0.95,1
813,811,0.99,1
815,813,1,1
810,810,0.99,1
802,800,0.98,1
858,862,1.05,1
852,852,1.04,1
848,848,1.04,1
847,845,1.03,1
845,841,1.03,1
841,838,1.03,1
845,848,1.03,1
865,859,1.06,1
849,848,1.04,1
835,834,1.02,1
836,832,1.02,1
825,823,1.01,1
823,826,1,1
829,829,1.01,1
821,823,1,1
823,827,1,1
816,816,1,1
816,819,1,1
811,813,0.99,1
819,816,1,1
824,822,1.01,1
827,830,1.01,1
822,828,1,1
817,819,1,1
817,815,1,1
810,809,0.99,1
795,797,0.97,1
784,785,0.96,1
783,782,0.96,1
784,783,0.96,1
793,797,0.97,1
802,798,0.98,1
795,795,0.97,1
785,783,0.96,1
784,785,0.96,1
767,769,0.94,1
761,758,0.93,1
757,758,0.92,1
782,781,0.95,1
803,805,0.98,1
799,795,0.98,1
799,792,0.98,1
787,788,0.96,1
786,785,0.96,1
779,784,0.95,1
781,779,0.95,1
785,786,0.96,1
847,831,1.03,1
829,829,1.01,1
821,825,1,1
846,843,1.03,1
833,832,1.02,1
825,827,1.01,1
829,831,1.01,1
846,848,1.03,1
843,838,1.03,1
837,835,1.02,1
838,834,1.02,1
833,831,1.02,1
834,832,1.02,1
817,823,1,1
817,816,1,1
844,845,1.03,1
836,838,1.02,1
832,832,1.02,1
837,840,1.02,1
841,843,1.03,1
835,839,1.02,1
832,831,1.02,1
823,826,1,1
823,825,1,1
816,819,1,1
829,829,1.01,1
841,842,1.03,1
846,848,1.03,1
850,853,1.04,1
848,849,1.04,1
829,845,1.01,1
847,841,1.03,1
839,837,1.02,1
839,839,1.02,1
850,848,1.04,1
846,844,1.03,1
865,870,1.06,1
882,883,1.08,1
879,875,1.07,1
878,875,1.07,1
877,875,1.07,1
873,877,1.07,1
874,871,1.07,1
869,867,1.06,1
866,870,1.06,1
866,869,1.06,1
873,868,1.07,1
870,873,1.06,1
875,869,1.07,1
875,874,1.07,1
883,882,1.08,1
883,881,1.08,1
879,880,1.07,1
875,876,1.07,1
880,881,1.07,1
879,880,1.07,1
901,903,1.1,1
900,902,1.1,1
893,893,1.09,1
880,879,1.07,1
869,869,1.06,1
866,864,1.06,1
857,859,1.05,1
851,860,1.04,1
860,862,1.05,1
853,854,1.04,1
848,848,1.04,1
846,839,1.03,1
852,850,1.04,1
855,858,1.04,1
855,854,1.04,1
857,862,1.05,1
848,848,1.04,1
848,847,1.04,1
846,846,1.03,1
858,862,1.05,1
855,857,1.04,1
846,842,1.03,1
838,842,1.02,1
837,835,1.02,1
829,822,1.01,1
827,823,1.01,1
826,825,1.01,1
818,816,1,1
815,815,1,1
795,789,0.97,1
794,793,0.97,1
811,817,0.99,1
837,838,1.02,1
835,837,1.02,1
837,834,1.02,1
833,837,1.02,1
846,844,1.03,1
835,827,1.02,1
825,820,1.01,1
816,818,1,1
815,816,1,1
831,833,1.01,1
851,854,1.04,1
848,851,1.04,1
863,865,1.05,1
871,868,1.06,1
858,857,1.05,1
848,848,1.04,1
850,849,1.04,1
870,874,1.06,1
880,881,1.07,1
915,926,1.12,1
946,946,1.16,1
960,960,1.17,1
969,965,1.18,1
975,976,1.19,1
971,970,1.19,1
963,963,1.18,1
960,957,1.17,1
949,949,1.16,1
943,941,1.15,1
940,936,1.15,1
938,938,1.15,1
937,937,1.14,1
922,922,1.13,1
918,912,1.12,1
912,907,1.11,1
919,917,1.12,1
911,912,1.11,1
903,903,1.1,1
899,898,1.1,1
892,896,1.09,1
893,906,1.09,1
912,912,1.11,1
903,907,1.1,1
922,925,1.13,1
912,912,1.11,1
915,923,1.12,1
942,944,1.15,1
941,942,1.15,1
934,932,1.14,1
928,929,1.13,1
918,912,1.12,1
928,929,1.13,1
960,959,1.17,1
960,954,1.17,1
947,946,1.16,1
947,948,1.16,1
945,944,1.15,1
943,941,1.15,1
944,943,1.15,1
934,938,1.14,1
934,930,1.14,1
925,925,1.13,1
925,919,1.13,1
916,919,1.12,1
917,927,1.12,1
915,914,1.12,1
911,910,1.11,1
890,883,1.09,1
902,907,1.1,1
940,944,1.15,1
944,947,1.15,1
939,951,1.15,1
934,937,1.14,1
938,933,1.15,1
929,933,1.13,1
923,919,1.13,1
915,919,1.12,1
930,927,1.14,1
923,923,1.13,1
918,917,1.12,1
915,912,1.12,1
909,909,1.11,1
902,902,1.1,1
926,928,1.13,1
926,929,1.13,1
915,914,1.12,1
919,913,1.12,1
912,915,1.11,1
913,914,1.11,1
913,911,1.11,1
910,909,1.11,1
906,901,1.11,1
916,913,1.12,1
934,929,1.14,1
932,932,1.14,1
925,925,1.13,1
915,916,1.12,1
912,912,1.11,1
898,898,1.1,1
893,896,1.09,1
894,893,1.09,1
889,887,1.09,1
880,880,1.07,1
875,879,1.07,1
930,938,1.14,1
951,960,1.16,1
971,970,1.19,1
971,973,1.19,1
960,974,1.17,1
971,972,1.19,1
976,974,1.19,1
988,989,1.21,1
995,990,1.21,1
987,977,1.21,1
